gu,nm,code,car15,all15,car15_pkm,stations,st_per_10k_short_car,gap,car_share15
영등포구,여의동,11560540,14959.8,63871.9,47780.9,68,45.5,False,23.4
용산구,한강로동,11170625,10903.8,42886.9,35288.4,21,19.3,True,25.4
강남구,역삼1동,11680640,9341.1,52445.3,24973.7,16,17.1,True,17.8
서초구,양재1동,11650651,9207.5,28941.2,27313.0,19,20.6,False,31.8
강서구,가양1동,11500603,8954.5,29831.3,21980.3,57,63.7,False,30.0
송파구,가락본동,11710620,8951.0,24706.9,22540.3,8,8.9,True,36.2
송파구,문정2동,11710642,8840.8,27625.5,24079.3,25,28.3,False,32.0
성동구,행당1동,11200560,8465.9,29766.0,25298.5,6,7.1,True,28.4
종로구,이화동,11110640,8416.1,36173.3,21033.7,5,5.9,True,23.3
금천구,가산동,11545510,8274.3,29668.3,24829.5,25,30.2,False,27.9
서대문구,충현동,11410565,8264.5,32431.9,19632.5,10,12.1,True,25.5
영등포구,영등포동,11560535,7647.5,36108.2,22036.5,22,28.8,False,21.2
강남구,압구정동,11680545,7581.9,29351.3,22744.7,8,10.6,True,25.8
강서구,공항동,11500620,7506.7,23034.4,20291.2,20,26.6,False,32.6
서초구,양재2동,11650652,7452.3,21711.8,22242.9,17,22.8,False,34.3
강남구,청담동,11680565,7432.0,30425.6,22006.6,10,13.5,True,24.4
강동구,길동,11740685,7352.5,29874.0,17403.8,12,16.3,True,24.6
영등포구,문래동,11560605,7275.9,25857.3,19562.0,16,22.0,False,28.1
마포구,서교동,11440660,7255.1,44628.6,21541.9,12,16.5,True,16.3
은평구,진관동,11380690,6808.8,22520.3,15962.9,34,49.9,False,30.2
양천구,목1동,11470510,6731.4,24447.3,17230.7,19,28.2,False,27.5
서초구,서초3동,11650530,6598.8,36497.7,18686.9,11,16.7,True,18.1
마포구,상암동,11440740,6319.3,20163.0,19711.6,36,57.0,False,31.3
강서구,화곡8동,11500593,6297.5,18766.1,16428.7,2,3.2,True,33.6
양천구,목5동,11470550,6178.2,22455.3,17743.9,14,22.7,False,27.5
송파구,잠실6동,11710710,6129.7,31538.4,18646.8,10,16.3,True,19.4
강서구,발산1동,11500611,6106.6,25128.4,15696.9,30,49.1,False,24.3
은평구,대조동,11380570,6062.7,22871.9,15815.8,4,6.6,True,26.5
성동구,성수2가3동,11200690,6019.5,21730.2,17499.5,18,29.9,False,27.7
강남구,수서동,11680750,5925.9,18618.0,16285.8,4,6.8,True,31.8
강서구,등촌3동,11500535,5812.4,19778.2,15850.7,9,15.5,True,29.4
강남구,세곡동,11680700,5803.1,13921.3,17822.5,22,37.9,False,41.7
강동구,암사1동,11740570,5797.4,16625.7,15652.2,4,6.9,True,34.9
용산구,한남동,11170685,5768.9,19042.9,18344.7,13,22.5,False,30.3
강남구,삼성1동,11680580,5707.1,33416.2,17234.2,18,31.5,False,17.1
노원구,월계3동,11350580,5631.8,17028.7,17002.4,7,12.4,True,33.1
종로구,종로1·2·3·4가동,11110615,5587.5,46653.6,16446.3,32,57.3,False,12.0
강남구,대치2동,11680610,5506.8,28378.7,16414.1,17,30.9,False,19.4
동대문구,전농1동,11230560,5309.0,25086.8,14464.8,8,15.1,True,21.2
구로구,구로5동,11530560,5184.2,20034.2,14823.4,14,27.0,False,25.9
구로구,신도림동,11530510,5158.6,18779.0,13862.1,12,23.3,False,27.5
구로구,고척1동,11530720,5152.4,17552.8,14440.3,9,17.5,True,29.4
강남구,논현2동,11680531,5124.0,23710.3,14241.2,12,23.4,False,21.6
서초구,반포4동,11650581,5105.7,30791.0,14831.9,8,15.7,True,16.6
강남구,도곡1동,11680655,5085.7,20600.3,14230.4,6,11.8,True,24.7
서대문구,신촌동,11410585,4911.9,36251.7,13713.5,17,34.6,False,13.5
노원구,상계6·7동,11350695,4869.4,24061.5,12181.5,16,32.9,False,20.2
광진구,구의3동,11215870,4847.1,17608.5,14718.0,14,28.9,False,27.5
송파구,오금동,11710570,4813.5,18352.9,12209.5,19,39.5,False,26.2
영등포구,당산2동,11560560,4801.9,19660.2,13235.8,15,31.2,False,24.4
강서구,염창동,11500510,4773.5,15726.5,14829.4,13,27.2,False,30.4
송파구,방이2동,11710562,4773.0,21623.6,13315.0,3,6.3,True,22.1
영등포구,양평1동,11560610,4764.0,15120.0,13148.8,12,25.2,False,31.5
금천구,독산1동,11545610,4729.2,18542.2,11892.9,24,50.7,False,25.5
중랑구,신내1동,11260680,4682.8,16614.0,11628.8,19,40.6,False,28.2
서초구,내곡동,11650660,4658.9,9492.4,13523.7,24,51.5,False,49.1
강남구,대치4동,11680630,4655.6,24888.9,12941.1,3,6.4,True,18.7
강남구,논현1동,11680521,4621.4,22305.0,12664.9,6,13.0,True,20.7
강남구,신사동,11680510,4526.4,19767.6,13430.3,8,17.7,True,22.9
송파구,가락1동,11710631,4503.9,15757.7,11552.7,8,17.8,True,28.6
양천구,신정4동,11470650,4406.9,18999.2,10910.0,6,13.6,True,23.2
송파구,잠실3동,11710680,4353.1,22208.7,12674.7,12,27.6,False,19.6
강남구,역삼2동,11680650,4314.0,23549.5,11477.4,9,20.9,False,18.3
강서구,화곡6동,11500591,4292.4,15279.2,11306.5,4,9.3,True,28.1
강서구,방화2동,11500640,4289.3,12776.9,11567.6,12,28.0,False,33.6
강남구,개포2동,11680670,4248.3,16529.7,11668.9,12,28.2,False,25.7
송파구,오륜동,11710566,4244.6,14409.5,10448.6,23,54.2,False,29.5
강서구,방화1동,11500630,4241.6,15734.7,10289.2,20,47.2,False,27.0
서대문구,연희동,11410615,4233.6,24037.1,11466.8,15,35.4,False,17.6
양천구,신정3동,11470640,4131.2,16511.0,10996.9,15,36.3,False,25.0
광진구,광장동,11215810,4094.7,14892.6,11736.7,10,24.4,False,27.5
동대문구,장안1동,11230650,4046.8,17694.5,11327.4,7,17.3,True,22.9
영등포구,양평2동,11560620,4045.9,13934.3,12216.9,9,22.2,False,29.0
광진구,자양3동,11215840,4011.8,17682.3,11062.7,11,27.4,False,22.7
성동구,성수1가2동,11200660,4001.1,14691.9,12632.5,11,27.5,False,27.2
도봉구,창4동,11320514,3995.4,18698.6,10178.8,15,37.5,False,21.4
강동구,성내3동,11740660,3992.4,15589.5,10541.8,7,17.5,True,25.6
중구,명동,11140550,3988.4,27755.4,10951.6,23,57.7,False,14.4
동대문구,장안2동,11230660,3961.7,16891.1,10823.9,6,15.1,True,23.5
강동구,천호2동,11740610,3922.9,19406.4,9459.5,9,22.9,False,20.2
구로구,구로3동,11530540,3857.5,21293.4,10927.8,6,15.6,True,18.1
송파구,잠실본동,11710650,3848.4,19780.4,11695.2,6,15.6,True,19.5
송파구,풍납2동,11710520,3824.7,17586.0,11458.7,13,34.0,False,21.7
중랑구,상봉2동,11260590,3813.7,17151.7,9765.2,12,31.5,False,22.2
관악구,조원동,11620725,3804.7,13557.3,10793.6,7,18.4,True,28.1
강남구,일원본동,11680720,3796.6,12163.2,10885.5,6,15.8,True,31.2
노원구,공릉2동,11350600,3765.2,16826.6,10666.0,20,53.1,False,22.4
종로구,사직동,11110530,3749.6,22448.9,10009.3,16,42.7,False,16.7
마포구,성산2동,11440730,3748.8,17205.5,10333.8,19,50.7,False,21.8
노원구,상계2동,11350640,3725.3,20818.6,9115.2,8,21.5,False,17.9
중랑구,망우본동,11260655,3712.5,14580.6,9059.8,16,43.1,False,25.5
광진구,화양동,11215710,3698.8,19402.4,10311.7,12,32.4,False,19.1
송파구,잠실2동,11710670,3672.7,17511.5,11033.4,9,24.5,False,21.0
서초구,잠원동,11650540,3583.5,17769.9,10470.8,10,27.9,False,20.2
서초구,서초2동,11650520,3521.1,21958.2,9172.6,11,31.2,False,16.0
송파구,위례동,11710647,3495.0,10385.7,9491.6,25,71.5,False,33.7
성북구,종암동,11290705,3471.0,17352.7,9919.2,7,20.2,False,20.0
강남구,대치1동,11680600,3458.1,17682.1,9595.9,5,14.5,True,19.6
영등포구,당산1동,11560550,3435.8,13800.9,9414.2,10,29.1,False,24.9
송파구,방이1동,11710561,3425.8,13229.4,8726.7,7,20.4,False,25.9
동작구,흑석동,11590605,3398.2,14143.8,10629.3,14,41.2,False,24.0
노원구,공릉1동,11350595,3371.1,16871.1,9310.1,13,38.6,False,20.0
강서구,등촌1동,11500520,3364.0,11534.8,9634.1,9,26.8,False,29.2
강서구,화곡1동,11500540,3358.1,16305.1,9674.5,9,26.8,False,20.6
서초구,서초4동,11650531,3337.0,22414.5,8953.4,8,24.0,False,14.9
강남구,도곡2동,11680656,3281.1,15666.8,8438.0,10,30.5,False,20.9
강동구,둔촌1동,11740690,3256.0,12861.6,9241.0,4,12.3,True,25.3
송파구,석촌동,11710600,3232.0,16211.9,8907.6,5,15.5,False,19.9
관악구,대학동,11620735,3228.1,18183.8,7862.1,6,18.6,False,17.8
양천구,신정7동,11470680,3151.0,12717.1,8308.3,10,31.7,False,24.8
광진구,자양2동,11215830,3145.2,13305.6,9347.1,10,31.8,False,23.6
강서구,우장산동,11500615,3102.5,14347.3,7874.6,11,35.5,False,21.6
동작구,상도1동,11590530,3097.3,16734.6,8685.4,7,22.6,False,18.5
강북구,우이동,11305645,3063.1,12785.0,8474.1,8,26.1,False,24.0
성동구,성수1가1동,11200650,3060.0,11971.4,8832.3,10,32.7,False,25.6
구로구,구로2동,11530530,3058.9,13307.5,8578.9,10,32.7,False,23.0
강동구,상일제1동,11740525,3004.2,13488.7,7696.5,10,33.3,False,22.3
강남구,삼성2동,11680590,2984.1,18726.9,8436.5,4,13.4,False,15.9
성북구,성북동,11290525,2972.3,12354.2,8267.8,12,40.4,False,24.1
광진구,구의2동,11215860,2970.7,12638.7,8159.5,7,23.6,False,23.5
강북구,송중동,11305545,2944.6,18450.6,7915.9,4,13.6,False,16.0
성북구,월곡1동,11290715,2943.4,12399.7,7720.9,6,20.4,False,23.7
성동구,옥수동,11200645,2936.2,13679.7,8775.3,4,13.6,False,21.5
서초구,반포2동,11650570,2930.1,13913.9,8306.7,9,30.7,False,21.1
강북구,수유3동,11305635,2890.1,16390.1,7428.3,6,20.8,False,17.6
중랑구,면목3·8동,11260575,2871.2,11768.4,7024.1,5,17.4,False,24.4
용산구,서빙고동,11170690,2865.8,9683.1,8528.3,10,34.9,False,29.6
용산구,이촌1동,11170630,2809.7,10697.4,8706.1,9,32.0,False,26.3
도봉구,방학1동,11320690,2798.9,12331.3,6695.1,14,50.0,False,22.7
중랑구,묵1동,11260620,2792.3,13183.9,7253.5,9,32.2,False,21.2
동작구,사당2동,11590630,2789.8,13939.5,7424.6,8,28.7,False,20.0
성북구,길음1동,11290660,2784.6,14871.1,7257.0,10,35.9,False,18.7
양천구,신정2동,11470630,2783.1,10457.2,7129.4,4,14.4,False,26.6
도봉구,창2동,11320512,2760.8,12336.9,7352.4,5,18.1,False,22.4
광진구,자양4동,11215847,2742.0,12857.6,7672.5,5,18.2,False,21.3
동작구,대방동,11590660,2740.3,15297.0,7641.6,13,47.4,False,17.9
서초구,반포3동,11650580,2709.8,13390.0,7855.6,6,22.1,False,20.2
서초구,반포1동,11650560,2708.0,15361.8,7558.7,9,33.2,False,17.6
노원구,하계1동,11350611,2707.2,14752.9,6843.5,10,36.9,False,18.3
송파구,송파1동,11710580,2686.7,14428.7,7306.7,5,18.6,False,18.6
송파구,삼전동,11710610,2681.9,12149.2,7593.7,5,18.6,False,22.1
중구,회현동,11140540,2679.1,24103.9,6992.1,16,59.7,False,11.1
도봉구,도봉1동,11320521,2667.7,8982.8,7494.7,11,41.2,False,29.7
성동구,왕십리도선동,11200535,2654.6,15139.8,7240.5,10,37.7,False,17.5
강동구,성내1동,11740640,2646.3,11548.7,7174.6,7,26.5,False,22.9
종로구,평창동,11110560,2645.7,7821.3,8676.9,7,26.5,False,33.8
성북구,월곡2동,11290725,2641.3,12136.7,7281.3,8,30.3,False,21.8
강남구,개포4동,11680690,2625.8,10052.4,7271.6,9,34.3,False,26.1
강서구,등촌2동,11500530,2599.6,8159.1,7310.0,5,19.2,False,31.9
노원구,하계2동,11350612,2594.4,8956.3,7034.4,4,15.4,False,29.0
용산구,남영동,11170530,2579.1,18151.9,6835.5,8,31.0,False,14.2
서초구,서초1동,11650510,2562.1,15546.5,7168.6,6,23.4,False,16.5
마포구,염리동,11440610,2560.2,12502.7,6603.1,5,19.5,False,20.5
성북구,삼선동,11290555,2547.0,15804.3,6654.3,5,19.6,False,16.1
관악구,낙성대동,11620585,2542.1,13816.1,6049.8,13,51.1,False,18.4
강동구,둔촌2동,11740700,2538.3,9809.0,6912.5,10,39.4,False,25.9
은평구,역촌동,11380625,2511.2,15781.8,5932.2,8,31.9,False,15.9
송파구,가락2동,11710632,2506.0,11251.7,6419.0,6,23.9,False,22.3
성동구,용답동,11200790,2503.7,9592.7,6805.6,14,55.9,False,26.1
동작구,노량진1동,11590510,2501.2,13190.6,6992.0,9,36.0,False,19.0
마포구,합정동,11440680,2498.9,12039.9,7498.8,7,28.0,False,20.8
동작구,신대방2동,11590680,2498.4,16260.8,6877.2,10,40.0,False,15.4
영등포구,대림3동,11560720,2497.9,9959.5,6662.2,7,28.0,False,25.1
마포구,공덕동,11440565,2489.0,17392.0,6769.3,8,32.1,False,14.3
광진구,중곡4동,11215770,2486.3,12046.1,7058.9,3,12.1,False,20.6
송파구,장지동,11710646,2486.1,10205.4,6339.0,14,56.3,False,24.4
성북구,석관동,11290810,2478.1,11868.0,7006.3,9,36.3,False,20.9
마포구,서강동,11440655,2471.6,13269.5,7269.9,10,40.5,False,18.6
마포구,대흥동,11440600,2468.6,16875.3,6378.0,11,44.6,False,14.6
성북구,안암동,11290600,2459.1,14712.4,6382.0,10,40.7,False,16.7
노원구,중계본동,11350619,2450.2,11297.7,6628.8,5,20.4,False,21.7
양천구,목2동,11470520,2443.7,9253.0,7494.0,6,24.6,False,26.4
동대문구,이문1동,11230740,2435.3,11888.6,7847.4,4,16.4,False,20.5
강서구,화곡3동,11500560,2421.4,10634.4,6267.9,4,16.5,False,22.8
관악구,미성동,11620765,2416.5,12554.6,6520.4,4,16.6,False,19.2
동대문구,제기동,11230545,2412.3,15185.7,6858.5,7,29.0,False,15.9
강북구,번1동,11305595,2412.2,13524.0,6388.2,7,29.0,False,17.8
도봉구,창5동,11320515,2405.0,10335.7,5968.0,11,45.7,False,23.3
금천구,시흥1동,11545670,2400.7,9886.9,5730.0,13,54.2,False,24.3
양천구,목4동,11470540,2399.1,9448.2,6268.7,4,16.7,False,25.4
강남구,개포1동,11680660,2399.1,10805.7,6201.2,6,25.0,False,22.2
중구,소공동,11140520,2380.3,19777.9,6335.4,16,67.2,False,12.0
노원구,월계1동,11350560,2360.7,9814.1,6788.8,8,33.9,False,24.1
마포구,용강동,11440590,2356.8,11600.8,6923.9,7,29.7,False,20.3
성동구,성수2가1동,11200670,2348.4,9982.8,6670.6,2,8.5,False,23.5
동작구,상도2동,11590540,2344.2,12345.9,6002.8,6,25.6,False,19.0
관악구,청룡동,11620595,2328.9,17247.7,5828.7,9,38.6,False,13.5
구로구,개봉1동,11530740,2328.6,9670.4,6313.1,10,42.9,False,24.1
노원구,상계1동,11350630,2326.1,12409.3,6313.0,11,47.3,False,18.7
서초구,방배4동,11650621,2325.5,11371.4,6303.9,8,34.4,False,20.5
은평구,응암1동,11380580,2317.0,13841.9,5387.9,13,56.1,False,16.7
강서구,방화3동,11500641,2292.5,6995.6,6427.3,6,26.2,False,32.8
노원구,월계2동,11350570,2289.8,10443.1,6286.6,11,48.0,False,21.9
성북구,동선동,11290575,2281.2,14421.6,5874.3,5,21.9,False,15.8
강동구,강일동,11740515,2271.9,8862.6,6801.4,13,57.2,False,25.6
강동구,성내2동,11740650,2271.5,12467.9,5914.9,5,22.0,False,18.2
영등포구,영등포본동,11560515,2263.0,10928.0,6482.1,7,30.9,False,20.7
동대문구,답십리1동,11230600,2221.3,12400.6,5982.0,7,31.5,False,17.9
중랑구,면목본동,11260565,2209.2,9927.5,5517.1,4,18.1,False,22.3
성북구,길음2동,11290685,2207.5,11083.7,5600.8,4,18.1,False,19.9
은평구,응암3동,11380600,2196.1,13008.4,5322.8,3,13.7,False,16.9
노원구,중계1동,11350621,2193.6,11245.2,5574.7,12,54.7,False,19.5
마포구,망원1동,11440690,2182.1,10663.1,6322.0,4,18.3,False,20.5
성동구,사근동,11200550,2165.3,11525.8,5629.7,9,41.6,False,18.8
성동구,마장동,11200540,2158.2,11419.4,5902.1,11,51.0,False,18.9
은평구,녹번동,11380510,2158.1,13846.1,5399.4,10,46.3,False,15.6
성북구,장위1동,11290760,2156.2,9637.7,5919.2,1,4.6,False,22.4
송파구,잠실4동,11710690,2143.4,10908.7,6202.5,5,23.3,False,19.6
도봉구,창1동,11320511,2137.1,9058.8,6010.5,10,46.8,False,23.6
송파구,문정1동,11710641,2111.8,8036.2,5249.3,8,37.9,False,26.3
서대문구,홍은2동,11410685,2089.0,12103.9,5435.6,10,47.9,False,17.3
은평구,구산동,11380560,2080.8,11255.0,5144.7,3,14.4,False,18.5
은평구,수색동,11380650,2061.0,7216.7,6205.2,4,19.4,False,28.6
동대문구,답십리2동,11230610,2026.6,10521.4,5511.6,7,34.5,False,19.3
마포구,도화동,11440585,2026.4,11059.1,5910.0,3,14.8,False,18.3
구로구,오류2동,11530780,2021.8,8810.4,5613.2,18,89.0,False,22.9
도봉구,쌍문2동,11320670,2017.6,8905.7,4880.5,4,19.8,False,22.7
서초구,방배2동,11650610,1996.5,10371.2,5601.9,9,45.1,False,19.3
광진구,구의1동,11215850,1971.4,10117.7,5558.2,4,20.3,False,19.5
서대문구,남가좌2동,11410700,1969.3,11949.0,5138.8,11,55.9,False,16.5
광진구,군자동,11215730,1968.9,10371.4,5400.0,13,66.0,False,19.0
노원구,중계2·3동,11350625,1961.8,12465.5,4920.1,8,40.8,False,15.7
동대문구,휘경2동,11230730,1954.0,10165.4,5344.1,7,35.8,False,19.2
서대문구,홍제1동,11410620,1952.1,12653.1,5567.8,3,15.4,False,15.4
강동구,천호3동,11740620,1948.4,10678.2,4796.9,4,20.5,False,18.2
강남구,개포3동,11680675,1940.9,7412.3,5919.2,4,20.6,False,26.2
광진구,자양1동,11215820,1934.3,9659.2,5401.0,5,25.8,False,20.0
강남구,일원1동,11680730,1926.3,5932.9,5470.3,6,31.1,False,32.5
관악구,신림동,11620695,1924.9,13224.2,5072.5,8,41.6,False,14.6
강북구,인수동,11305660,1922.5,11357.9,5343.6,7,36.4,False,16.9
서초구,방배본동,11650590,1916.5,9020.8,5324.7,6,31.3,False,21.2
강동구,고덕2동,11740560,1909.5,7685.8,4972.7,14,73.3,False,24.8
마포구,아현동,11440555,1909.3,13528.8,5521.1,8,41.9,False,14.1
중구,필동,11140570,1907.0,9927.6,4891.4,5,26.2,False,19.2
중구,광희동,11140590,1902.2,14901.2,4587.5,9,47.3,False,12.8
도봉구,도봉2동,11320522,1894.7,8442.3,5607.9,9,47.5,False,22.4
강동구,명일2동,11740540,1890.4,9041.0,3939.5,9,47.6,False,20.9
양천구,신정1동,11470620,1888.1,7627.1,4645.5,5,26.5,False,24.8
영등포구,신길6동,11560680,1880.0,9284.0,5152.8,5,26.6,False,20.3
강북구,송천동,11305555,1877.7,11386.6,5043.5,11,58.6,False,16.5
서대문구,북가좌2동,11410720,1863.3,12105.2,4822.5,4,21.5,False,15.4
노원구,상계3·4동,11350665,1858.3,9188.8,5030.3,8,43.1,False,20.2
동작구,신대방1동,11590670,1856.1,10326.8,5132.3,6,32.3,False,18.0
영등포구,신길1동,11560630,1837.5,8768.0,5165.4,5,27.2,False,21.0
성북구,정릉3동,11290640,1836.9,6944.8,5252.4,3,16.3,False,26.4
성북구,정릉2동,11290630,1823.9,10110.4,4754.8,2,11.0,False,18.0
동작구,노량진2동,11590520,1821.8,7557.6,5186.8,3,16.5,False,24.1
동대문구,청량리동,11230705,1820.0,12411.5,5337.2,12,65.9,False,14.7
종로구,청운효자동,11110515,1817.1,10088.8,5135.9,6,33.0,False,18.0
중구,신당동,11140615,1811.4,11474.6,4872.3,7,38.6,False,15.8
강서구,화곡본동,11500590,1808.5,10971.2,4583.0,5,27.6,False,16.5
용산구,청파동,11170555,1797.6,11735.9,5040.6,4,22.3,False,15.3
용산구,이태원2동,11170660,1788.5,6430.7,5508.3,1,5.6,False,27.8
종로구,혜화동,11110650,1787.4,13093.1,4995.0,9,50.4,False,13.7
광진구,능동,11215780,1786.1,8397.4,4898.7,7,39.2,False,21.3
마포구,신수동,11440630,1780.4,9099.7,5222.4,5,28.1,False,19.6
중구,장충동,11140580,1765.7,6884.3,5189.8,6,34.0,False,25.6
도봉구,방학3동,11320710,1756.6,8635.5,4535.8,6,34.2,False,20.3
마포구,성산1동,11440720,1749.9,8635.9,4878.6,5,28.6,False,20.3
강북구,미아동,11305535,1739.3,11160.3,4582.2,4,23.0,False,15.6
구로구,구로1동,11530520,1736.6,5903.0,4926.9,9,51.8,False,29.4
동작구,상도4동,11590560,1732.0,8826.1,4807.8,0,0.0,False,19.6
구로구,개봉2동,11530750,1706.9,6665.1,4756.9,3,17.6,False,25.6
양천구,신월6동,11470610,1701.5,5162.9,4742.8,2,11.8,False,33.0
양천구,신월7동,11470611,1676.5,5939.9,4494.4,3,17.9,False,28.2
중랑구,중화2동,11260610,1672.9,8947.2,4186.5,9,53.8,False,18.7
강서구,화곡4동,11500570,1670.0,6910.5,4403.1,1,6.0,False,24.2
동작구,사당1동,11590620,1658.9,10673.0,4283.1,5,30.1,False,15.5
마포구,연남동,11440710,1648.8,9271.6,4600.6,5,30.3,False,17.8
종로구,부암동,11110550,1639.5,6179.6,5048.3,5,30.5,False,26.5
영등포구,대림1동,11560700,1633.6,6900.1,4191.1,4,24.5,False,23.7
도봉구,쌍문1동,11320660,1623.1,8043.8,4191.7,4,24.6,False,20.2
강동구,고덕1동,11740550,1621.0,6519.8,3894.4,9,55.5,False,24.9
용산구,이태원1동,11170650,1617.8,6185.2,5266.7,5,30.9,False,26.2
서초구,방배3동,11650620,1593.8,8147.5,4590.9,10,62.7,False,19.6
마포구,망원2동,11440700,1592.4,7166.3,4705.7,3,18.8,False,22.2
관악구,서원동,11620645,1591.0,13081.2,3925.5,4,25.1,False,12.2
광진구,중곡2동,11215750,1589.7,7980.6,4699.3,3,18.9,False,19.9
양천구,신월1동,11470560,1589.5,6402.5,4257.0,7,44.0,False,24.8
중랑구,면목4동,11260540,1586.1,6876.6,4610.3,5,31.5,False,23.1
강북구,번3동,11305608,1579.8,7122.9,4195.7,9,57.0,False,22.2
강동구,명일1동,11740530,1573.5,9964.6,3489.5,5,31.8,False,15.8
관악구,은천동,11620605,1566.3,11234.8,4187.3,8,51.1,False,13.9
영등포구,도림동,11560585,1557.0,6614.8,4040.2,5,32.1,False,23.5
서초구,방배1동,11650600,1547.5,8754.8,4152.6,5,32.3,False,17.7
중구,다산동,11140625,1544.3,8980.4,4318.3,3,19.4,False,17.2
성북구,정릉4동,11290650,1536.9,8912.3,4362.1,2,13.0,False,17.2
강북구,수유2동,11305625,1533.8,7616.9,4130.1,5,32.6,False,20.1
광진구,중곡3동,11215760,1509.4,7639.2,4073.9,4,26.5,False,19.8
양천구,목3동,11470530,1503.4,5456.4,4474.4,4,26.6,False,27.6
중랑구,면목2동,11260520,1490.3,7127.1,3839.6,4,26.8,False,20.9
영등포구,신길7동,11560690,1487.2,7040.7,4053.5,6,40.3,False,21.1
송파구,거여2동,11710532,1483.2,6457.6,4084.1,5,33.7,False,23.0
금천구,시흥2동,11545680,1476.6,6400.3,4035.0,2,13.5,False,23.1
양천구,신정6동,11470670,1476.0,6335.8,3771.4,13,88.1,False,23.3
중랑구,상봉1동,11260580,1457.4,7090.2,3316.4,8,54.9,False,20.6
성북구,장위2동,11290770,1454.7,6472.8,3997.3,1,6.9,False,22.5
성동구,금호2·3가동,11200615,1453.5,8269.7,4306.4,6,41.3,False,17.6
강북구,삼양동,11305534,1453.1,8786.6,3901.2,2,13.8,False,16.5
강동구,상일제2동,11740526,1451.9,5473.3,4212.4,7,48.2,False,26.5
구로구,고척2동,11530730,1439.7,5876.2,3860.9,3,20.8,False,24.5
강북구,수유1동,11305615,1427.0,8613.5,3712.3,1,7.0,False,16.6
은평구,불광1동,11380520,1419.5,9394.5,3588.8,12,84.5,False,15.1
노원구,중계4동,11350624,1418.4,6726.0,3547.3,4,28.2,False,21.1
금천구,독산3동,11545630,1401.9,6974.5,3391.8,6,42.8,False,20.1
중랑구,묵2동,11260630,1396.0,6462.6,4098.7,4,28.7,False,21.6
송파구,거여1동,11710531,1393.1,5353.3,3632.8,5,35.9,False,26.0
송파구,송파2동,11710590,1386.3,7201.7,3599.6,4,28.9,False,19.2
서대문구,홍제3동,11410640,1360.1,8598.8,3813.5,2,14.7,False,15.8
중구,을지로동,11140605,1360.1,10449.7,3503.8,10,73.5,False,13.0
강서구,가양2동,11500604,1358.8,5626.7,3859.4,7,51.5,False,24.1
동대문구,전농2동,11230570,1358.4,7713.2,3687.3,11,81.0,False,17.6
광진구,중곡1동,11215740,1353.9,6483.9,3808.9,3,22.2,False,20.9
서대문구,홍은1동,11410660,1344.3,7632.3,4094.7,3,22.3,False,17.6
서대문구,남가좌1동,11410690,1341.7,6477.0,3441.0,5,37.3,False,20.7
종로구,종로5·6가동,11110630,1335.7,11755.2,3831.3,11,82.4,False,11.4
금천구,독산4동,11545640,1330.1,6013.1,3005.8,2,15.0,False,22.1
동대문구,회기동,11230710,1326.6,8571.4,4193.2,2,15.1,False,15.5
은평구,갈현2동,11380552,1310.8,8077.6,3093.9,1,7.6,False,16.2
성북구,장위3동,11290780,1309.7,4990.3,3765.5,8,61.1,False,26.2
성북구,돈암1동,11290580,1301.1,6784.6,3382.0,4,30.7,False,19.2
노원구,상계5동,11350670,1286.9,7113.5,3321.4,3,23.3,False,18.1
송파구,마천2동,11710550,1285.0,5399.3,3908.4,7,54.5,False,23.8
도봉구,방학2동,11320700,1284.2,5826.6,3141.4,4,31.1,False,22.0
양천구,신월2동,11470570,1283.4,4723.9,3475.5,5,39.0,False,27.2
구로구,오류1동,11530770,1278.9,5883.8,3520.6,7,54.7,False,21.7
강북구,삼각산동,11305575,1278.6,9047.6,3653.0,4,31.3,False,14.1
관악구,남현동,11620630,1270.9,7517.9,3509.1,2,15.7,False,16.9
관악구,보라매동,11620525,1253.2,8412.4,3553.1,2,16.0,False,14.9
은평구,불광2동,11380530,1246.5,8143.6,2785.1,8,64.2,False,15.3
노원구,상계8동,11350700,1245.7,7119.0,3103.0,9,72.2,False,17.5
중구,약수동,11140635,1238.3,6443.6,3831.2,3,24.2,False,19.2
강북구,번2동,11305603,1234.2,6400.0,3113.6,5,40.5,False,19.3
동대문구,휘경1동,11230720,1232.4,6636.6,3654.1,4,32.5,False,18.6
강동구,암사2동,11740580,1232.4,5465.4,3185.3,3,24.3,False,22.5
도봉구,창3동,11320513,1230.2,5654.9,3240.3,4,32.5,False,21.8
강동구,천호1동,11740600,1206.5,7283.4,2879.7,3,24.9,False,16.6
성북구,보문동,11290610,1203.4,7968.0,3107.9,3,24.9,False,15.1
용산구,후암동,11170510,1198.9,6808.4,3200.8,4,33.4,False,17.6
은평구,응암2동,11380590,1196.0,7826.4,3208.3,5,41.8,False,15.3
관악구,인헌동,11620625,1194.4,8342.0,3155.0,3,25.1,False,14.3
중랑구,면목5동,11260550,1171.1,4976.1,3126.1,6,51.2,False,23.5
용산구,원효로2동,11170570,1150.9,5805.8,3311.4,7,60.8,False,19.8
강서구,가양3동,11500605,1150.6,4449.2,3513.9,7,60.8,False,25.9
서대문구,북가좌1동,11410710,1133.2,5908.8,3038.7,7,61.8,False,19.2
송파구,풍납1동,11710510,1132.9,4856.3,2993.5,4,35.3,False,23.3
동대문구,이문2동,11230750,1126.0,5493.2,3158.9,7,62.2,False,20.5
용산구,용산2가동,11170520,1119.7,5902.7,3183.2,3,26.8,False,19.0
동작구,사당3동,11590640,1110.8,6106.9,3081.2,6,54.0,False,18.2
은평구,갈현1동,11380551,1104.8,7642.6,2526.6,4,36.2,False,14.5
도봉구,쌍문3동,11320680,1102.4,5968.7,2955.9,6,54.4,False,18.5
강동구,암사3동,11740590,1094.9,5217.0,2639.0,8,73.1,False,21.0
성동구,송정동,11200720,1093.1,4024.4,2945.4,6,54.9,False,27.2
관악구,성현동,11620565,1090.0,8299.6,3059.2,1,9.2,False,13.1
종로구,교남동,11110580,1085.9,6570.0,2711.5,5,46.0,False,16.5
성동구,금호1가동,11200590,1085.8,6339.1,3191.3,1,9.2,False,17.1
중랑구,중화1동,11260600,1083.9,5966.1,2622.6,3,27.7,False,18.2
금천구,시흥5동,11545710,1082.1,4658.9,2767.1,0,0.0,False,23.2
송파구,마천1동,11710540,1078.9,3706.2,3248.4,4,37.1,False,29.1
관악구,신사동,11620685,1075.8,7270.8,2881.3,6,55.8,False,14.8
성동구,응봉동,11200580,1074.1,5109.8,3074.6,3,27.9,False,21.0
동작구,상도3동,11590550,1073.6,7299.3,2958.2,0,0.0,False,14.7
양천구,신월5동,11470600,1064.8,4477.0,2873.0,5,47.0,False,23.8
은평구,신사1동,11380631,1057.7,7645.8,2777.1,3,28.4,False,13.8
금천구,시흥3동,11545690,1049.2,3023.9,3241.7,4,38.1,False,34.7
중랑구,신내2동,11260690,1042.6,4980.7,2445.3,2,19.2,False,20.9
종로구,숭인2동,11110710,1036.6,8186.3,2692.2,4,38.6,False,12.7
중랑구,면목7동,11260570,1033.0,5893.7,3064.3,5,48.4,False,17.5
중구,중림동,11140680,1029.7,6689.1,2790.7,9,87.4,False,15.4
서대문구,천연동,11410520,1021.2,7022.1,2718.7,4,39.2,False,14.5
구로구,구로4동,11530550,1021.0,5914.3,2922.5,6,58.8,False,17.3
성동구,금호4가동,11200620,1014.4,5449.2,3096.7,4,39.4,False,18.6
영등포구,신길3동,11560650,1013.9,4458.6,2638.6,7,69.0,False,22.7
성동구,왕십리2동,11200520,1010.8,6100.9,2978.4,2,19.8,False,16.6
종로구,삼청동,11110540,1008.2,5172.4,2667.1,6,59.5,False,19.5
성동구,행당2동,11200570,994.2,7377.6,3026.5,1,10.1,False,13.5
구로구,수궁동,11530790,989.8,5040.2,2711.6,5,50.5,False,19.6
관악구,삼성동,11620745,980.1,7432.6,2512.7,6,61.2,False,13.2
관악구,행운동,11620575,965.3,6998.8,2637.3,5,51.8,False,13.8
용산구,원효로1동,11170560,961.7,5816.5,2687.0,9,93.6,False,16.5
도봉구,쌍문4동,11320681,956.8,5428.5,2581.5,4,41.8,False,17.6
노원구,상계10동,11350720,947.9,5854.0,2287.3,6,63.3,False,16.2
송파구,잠실7동,11710720,944.3,4656.2,2709.3,4,42.4,False,20.3
금천구,독산2동,11545620,935.4,4145.5,2236.2,2,21.4,False,22.6
구로구,개봉3동,11530760,925.8,4165.2,2700.4,2,21.6,False,22.2
양천구,신월3동,11470580,923.4,3907.9,2585.3,4,43.3,False,23.6
용산구,보광동,11170700,922.4,2874.8,2815.2,1,10.8,False,32.1
은평구,신사2동,11380632,921.2,6471.3,2408.9,2,21.7,False,14.2
금천구,시흥4동,11545700,898.9,5059.3,2103.7,4,44.5,False,17.8
중구,황학동,11140670,893.7,6674.6,2261.3,1,11.2,False,13.4
성북구,정릉1동,11290620,889.8,5124.1,2419.6,3,33.7,False,17.4
용산구,효창동,11170580,871.6,5515.8,2242.5,2,22.9,False,15.8
서초구,반포본동,11650550,870.1,3566.3,2299.1,2,23.0,False,24.4
중랑구,망우3동,11260660,868.8,3943.0,2082.6,1,11.5,False,22.0
관악구,난곡동,11620775,858.4,6525.6,2061.0,1,11.6,False,13.2
영등포구,신길5동,11560670,851.2,3539.3,2205.2,4,47.0,False,24.1
동작구,사당5동,11590651,826.4,4831.9,2148.0,1,12.1,False,17.1
관악구,중앙동,11620615,825.6,5530.3,2078.1,7,84.8,False,14.9
강서구,화곡2동,11500550,822.0,3885.7,2230.6,2,24.3,False,21.2
동작구,사당4동,11590650,817.3,4107.7,2081.3,1,12.2,False,19.9
관악구,서림동,11620665,788.8,6374.4,2070.0,4,50.7,False,12.4
양천구,신월4동,11470590,774.2,3058.5,2097.1,3,38.7,False,25.3
구로구,가리봉동,11530595,772.8,3849.0,2180.3,2,25.9,False,20.1
관악구,난향동,11620715,770.2,4726.5,2243.6,1,13.0,False,16.3
종로구,창신1동,11110670,768.7,6290.1,2141.6,3,39.0,False,12.2
은평구,증산동,11380640,760.1,4222.2,2057.7,4,52.6,False,18.0
노원구,상계9동,11350710,752.9,5328.4,1796.7,6,79.7,False,14.1
종로구,가회동,11110600,722.8,5960.3,2017.7,5,69.2,False,12.1
성북구,돈암2동,11290590,709.2,4112.3,1966.6,1,14.1,False,17.2
서대문구,북아현동,11410555,683.1,5218.5,1872.8,4,58.6,False,13.1
영등포구,대림2동,11560710,673.6,3678.7,1826.0,2,29.7,False,18.3
중구,신당5동,11140650,668.5,4901.8,1756.0,3,44.9,False,13.6
영등포구,신길4동,11560660,658.9,3342.6,1777.7,2,30.4,False,19.7
중구,동화동,11140665,648.3,4616.7,1745.3,2,30.9,False,14.0
용산구,용문동,11170590,609.4,4127.7,1718.9,2,32.8,False,14.8
구로구,항동,11530800,556.0,1985.8,1315.1,18,323.8,False,28.0
용산구,이촌2동,11170640,553.9,2360.8,1651.6,4,72.2,False,23.5
서대문구,홍제2동,11410655,545.9,4376.7,1693.0,2,36.6,False,12.5
관악구,신원동,11620655,496.2,4130.5,1392.1,1,20.2,False,12.0
중구,청구동,11140645,484.3,3620.5,1420.5,1,20.6,False,13.4
관악구,청림동,11620545,399.8,2768.6,1125.3,0,0.0,False,14.4
종로구,무악동,11110570,381.2,2870.6,1112.7,3,78.7,False,13.3
종로구,숭인1동,11110700,369.8,3469.9,919.0,1,27.0,False,10.7
종로구,창신3동,11110690,349.3,2441.7,951.1,5,143.1,False,14.3
종로구,창신2동,11110680,269.0,2375.6,704.6,0,0.0,False,11.3
