gu,nm,code,car15_daily,all15_daily,car_share15,car15_pkm
영등포구,여의동,11560540,14960.0,63872.0,23.4,47781.0
용산구,한강로동,11170625,10904.0,42887.0,25.4,35288.0
강남구,역삼1동,11680640,9341.0,52445.0,17.8,24974.0
서초구,양재1동,11650651,9207.0,28941.0,31.8,27313.0
강서구,가양1동,11500603,8955.0,29831.0,30.0,21980.0
송파구,가락본동,11710620,8951.0,24707.0,36.2,22540.0
송파구,문정2동,11710642,8841.0,27625.0,32.0,24079.0
성동구,행당1동,11200560,8466.0,29766.0,28.4,25298.0
종로구,이화동,11110640,8416.0,36173.0,23.3,21034.0
금천구,가산동,11545510,8274.0,29668.0,27.9,24829.0
서대문구,충현동,11410565,8264.0,32432.0,25.5,19633.0
영등포구,영등포동,11560535,7648.0,36108.0,21.2,22036.0
강남구,압구정동,11680545,7582.0,29351.0,25.8,22745.0
강서구,공항동,11500620,7507.0,23034.0,32.6,20291.0
서초구,양재2동,11650652,7452.0,21712.0,34.3,22243.0
강남구,청담동,11680565,7432.0,30426.0,24.4,22007.0
강동구,길동,11740685,7353.0,29874.0,24.6,17404.0
영등포구,문래동,11560605,7276.0,25857.0,28.1,19562.0
마포구,서교동,11440660,7255.0,44629.0,16.3,21542.0
은평구,진관동,11380690,6809.0,22520.0,30.2,15963.0
양천구,목1동,11470510,6731.0,24447.0,27.5,17231.0
서초구,서초3동,11650530,6599.0,36498.0,18.1,18687.0
마포구,상암동,11440740,6319.0,20163.0,31.3,19712.0
강서구,화곡8동,11500593,6297.0,18766.0,33.6,16429.0
양천구,목5동,11470550,6178.0,22455.0,27.5,17744.0
송파구,잠실6동,11710710,6130.0,31538.0,19.4,18647.0
강서구,발산1동,11500611,6107.0,25128.0,24.3,15697.0
은평구,대조동,11380570,6063.0,22872.0,26.5,15816.0
성동구,성수2가3동,11200690,6020.0,21730.0,27.7,17499.0
강남구,수서동,11680750,5926.0,18618.0,31.8,16286.0
강서구,등촌3동,11500535,5812.0,19778.0,29.4,15851.0
강남구,세곡동,11680700,5803.0,13921.0,41.7,17822.0
강동구,암사1동,11740570,5797.0,16626.0,34.9,15652.0
용산구,한남동,11170685,5769.0,19043.0,30.3,18345.0
강남구,삼성1동,11680580,5707.0,33416.0,17.1,17234.0
노원구,월계3동,11350580,5632.0,17029.0,33.1,17002.0
종로구,종로1·2·3·4가동,11110615,5587.0,46654.0,12.0,16446.0
강남구,대치2동,11680610,5507.0,28379.0,19.4,16414.0
동대문구,전농1동,11230560,5309.0,25087.0,21.2,14465.0
구로구,구로5동,11530560,5184.0,20034.0,25.9,14823.0
구로구,신도림동,11530510,5159.0,18779.0,27.5,13862.0
구로구,고척1동,11530720,5152.0,17553.0,29.4,14440.0
강남구,논현2동,11680531,5124.0,23710.0,21.6,14241.0
서초구,반포4동,11650581,5106.0,30791.0,16.6,14832.0
강남구,도곡1동,11680655,5086.0,20600.0,24.7,14230.0
서대문구,신촌동,11410585,4912.0,36252.0,13.5,13714.0
노원구,상계6·7동,11350695,4869.0,24062.0,20.2,12182.0
광진구,구의3동,11215870,4847.0,17609.0,27.5,14718.0
송파구,오금동,11710570,4813.0,18353.0,26.2,12210.0
영등포구,당산2동,11560560,4802.0,19660.0,24.4,13236.0
강서구,염창동,11500510,4774.0,15726.0,30.4,14829.0
송파구,방이2동,11710562,4773.0,21624.0,22.1,13315.0
영등포구,양평1동,11560610,4764.0,15120.0,31.5,13149.0
금천구,독산1동,11545610,4729.0,18542.0,25.5,11893.0
중랑구,신내1동,11260680,4683.0,16614.0,28.2,11629.0
서초구,내곡동,11650660,4659.0,9492.0,49.1,13524.0
강남구,대치4동,11680630,4656.0,24889.0,18.7,12941.0
강남구,논현1동,11680521,4621.0,22305.0,20.7,12665.0
강남구,신사동,11680510,4526.0,19768.0,22.9,13430.0
송파구,가락1동,11710631,4504.0,15758.0,28.6,11553.0
양천구,신정4동,11470650,4407.0,18999.0,23.2,10910.0
송파구,잠실3동,11710680,4353.0,22209.0,19.6,12675.0
강남구,역삼2동,11680650,4314.0,23549.0,18.3,11477.0
강서구,화곡6동,11500591,4292.0,15279.0,28.1,11306.0
강서구,방화2동,11500640,4289.0,12777.0,33.6,11568.0
강남구,개포2동,11680670,4248.0,16530.0,25.7,11669.0
송파구,오륜동,11710566,4245.0,14409.0,29.5,10449.0
강서구,방화1동,11500630,4242.0,15735.0,27.0,10289.0
서대문구,연희동,11410615,4234.0,24037.0,17.6,11467.0
양천구,신정3동,11470640,4131.0,16511.0,25.0,10997.0
광진구,광장동,11215810,4095.0,14893.0,27.5,11737.0
동대문구,장안1동,11230650,4047.0,17695.0,22.9,11327.0
영등포구,양평2동,11560620,4046.0,13934.0,29.0,12217.0
광진구,자양3동,11215840,4012.0,17682.0,22.7,11063.0
성동구,성수1가2동,11200660,4001.0,14692.0,27.2,12632.0
도봉구,창4동,11320514,3995.0,18699.0,21.4,10179.0
강동구,성내3동,11740660,3992.0,15589.0,25.6,10542.0
중구,명동,11140550,3988.0,27755.0,14.4,10952.0
동대문구,장안2동,11230660,3962.0,16891.0,23.5,10824.0
강동구,천호2동,11740610,3923.0,19406.0,20.2,9459.0
구로구,구로3동,11530540,3857.0,21293.0,18.1,10928.0
송파구,잠실본동,11710650,3848.0,19780.0,19.5,11695.0
송파구,풍납2동,11710520,3825.0,17586.0,21.7,11459.0
중랑구,상봉2동,11260590,3814.0,17152.0,22.2,9765.0
관악구,조원동,11620725,3805.0,13557.0,28.1,10794.0
강남구,일원본동,11680720,3797.0,12163.0,31.2,10885.0
노원구,공릉2동,11350600,3765.0,16827.0,22.4,10666.0
종로구,사직동,11110530,3750.0,22449.0,16.7,10009.0
마포구,성산2동,11440730,3749.0,17206.0,21.8,10334.0
노원구,상계2동,11350640,3725.0,20819.0,17.9,9115.0
중랑구,망우본동,11260655,3713.0,14581.0,25.5,9060.0
광진구,화양동,11215710,3699.0,19402.0,19.1,10312.0
송파구,잠실2동,11710670,3673.0,17511.0,21.0,11033.0
서초구,잠원동,11650540,3583.0,17770.0,20.2,10471.0
서초구,서초2동,11650520,3521.0,21958.0,16.0,9173.0
송파구,위례동,11710647,3495.0,10386.0,33.7,9492.0
성북구,종암동,11290705,3471.0,17353.0,20.0,9919.0
강남구,대치1동,11680600,3458.0,17682.0,19.6,9596.0
영등포구,당산1동,11560550,3436.0,13801.0,24.9,9414.0
송파구,방이1동,11710561,3426.0,13229.0,25.9,8727.0
동작구,흑석동,11590605,3398.0,14144.0,24.0,10629.0
노원구,공릉1동,11350595,3371.0,16871.0,20.0,9310.0
강서구,등촌1동,11500520,3364.0,11535.0,29.2,9634.0
강서구,화곡1동,11500540,3358.0,16305.0,20.6,9675.0
서초구,서초4동,11650531,3337.0,22415.0,14.9,8953.0
강남구,도곡2동,11680656,3281.0,15667.0,20.9,8438.0
강동구,둔촌1동,11740690,3256.0,12862.0,25.3,9241.0
송파구,석촌동,11710600,3232.0,16212.0,19.9,8908.0
관악구,대학동,11620735,3228.0,18184.0,17.8,7862.0
양천구,신정7동,11470680,3151.0,12717.0,24.8,8308.0
광진구,자양2동,11215830,3145.0,13306.0,23.6,9347.0
강서구,우장산동,11500615,3103.0,14347.0,21.6,7875.0
동작구,상도1동,11590530,3097.0,16735.0,18.5,8685.0
강북구,우이동,11305645,3063.0,12785.0,24.0,8474.0
성동구,성수1가1동,11200650,3060.0,11971.0,25.6,8832.0
구로구,구로2동,11530530,3059.0,13308.0,23.0,8579.0
강동구,상일제1동,11740525,3004.0,13489.0,22.3,7696.0
강남구,삼성2동,11680590,2984.0,18727.0,15.9,8436.0
성북구,성북동,11290525,2972.0,12354.0,24.1,8268.0
광진구,구의2동,11215860,2971.0,12639.0,23.5,8159.0
강북구,송중동,11305545,2945.0,18451.0,16.0,7916.0
성북구,월곡1동,11290715,2943.0,12400.0,23.7,7721.0
성동구,옥수동,11200645,2936.0,13680.0,21.5,8775.0
서초구,반포2동,11650570,2930.0,13914.0,21.1,8307.0
강북구,수유3동,11305635,2890.0,16390.0,17.6,7428.0
중랑구,면목3·8동,11260575,2871.0,11768.0,24.4,7024.0
용산구,서빙고동,11170690,2866.0,9683.0,29.6,8528.0
용산구,이촌1동,11170630,2810.0,10697.0,26.3,8706.0
도봉구,방학1동,11320690,2799.0,12331.0,22.7,6695.0
중랑구,묵1동,11260620,2792.0,13184.0,21.2,7254.0
동작구,사당2동,11590630,2790.0,13939.0,20.0,7425.0
성북구,길음1동,11290660,2785.0,14871.0,18.7,7257.0
양천구,신정2동,11470630,2783.0,10457.0,26.6,7129.0
도봉구,창2동,11320512,2761.0,12337.0,22.4,7352.0
광진구,자양4동,11215847,2742.0,12858.0,21.3,7673.0
동작구,대방동,11590660,2740.0,15297.0,17.9,7642.0
서초구,반포3동,11650580,2710.0,13390.0,20.2,7856.0
서초구,반포1동,11650560,2708.0,15362.0,17.6,7559.0
노원구,하계1동,11350611,2707.0,14753.0,18.3,6843.0
송파구,송파1동,11710580,2687.0,14429.0,18.6,7307.0
송파구,삼전동,11710610,2682.0,12149.0,22.1,7594.0
중구,회현동,11140540,2679.0,24104.0,11.1,6992.0
도봉구,도봉1동,11320521,2668.0,8983.0,29.7,7495.0
성동구,왕십리도선동,11200535,2655.0,15140.0,17.5,7241.0
강동구,성내1동,11740640,2646.0,11549.0,22.9,7175.0
종로구,평창동,11110560,2646.0,7821.0,33.8,8677.0
성북구,월곡2동,11290725,2641.0,12137.0,21.8,7281.0
강남구,개포4동,11680690,2626.0,10052.0,26.1,7272.0
강서구,등촌2동,11500530,2600.0,8159.0,31.9,7310.0
노원구,하계2동,11350612,2594.0,8956.0,29.0,7034.0
용산구,남영동,11170530,2579.0,18152.0,14.2,6836.0
서초구,서초1동,11650510,2562.0,15546.0,16.5,7169.0
마포구,염리동,11440610,2560.0,12503.0,20.5,6603.0
성북구,삼선동,11290555,2547.0,15804.0,16.1,6654.0
관악구,낙성대동,11620585,2542.0,13816.0,18.4,6050.0
강동구,둔촌2동,11740700,2538.0,9809.0,25.9,6913.0
은평구,역촌동,11380625,2511.0,15782.0,15.9,5932.0
송파구,가락2동,11710632,2506.0,11252.0,22.3,6419.0
성동구,용답동,11200790,2504.0,9593.0,26.1,6806.0
동작구,노량진1동,11590510,2501.0,13191.0,19.0,6992.0
마포구,합정동,11440680,2499.0,12040.0,20.8,7499.0
동작구,신대방2동,11590680,2498.0,16261.0,15.4,6877.0
영등포구,대림3동,11560720,2498.0,9960.0,25.1,6662.0
마포구,공덕동,11440565,2489.0,17392.0,14.3,6769.0
광진구,중곡4동,11215770,2486.0,12046.0,20.6,7059.0
송파구,장지동,11710646,2486.0,10205.0,24.4,6339.0
성북구,석관동,11290810,2478.0,11868.0,20.9,7006.0
마포구,서강동,11440655,2472.0,13269.0,18.6,7270.0
마포구,대흥동,11440600,2469.0,16875.0,14.6,6378.0
성북구,안암동,11290600,2459.0,14712.0,16.7,6382.0
노원구,중계본동,11350619,2450.0,11298.0,21.7,6629.0
양천구,목2동,11470520,2444.0,9253.0,26.4,7494.0
동대문구,이문1동,11230740,2435.0,11889.0,20.5,7847.0
강서구,화곡3동,11500560,2421.0,10634.0,22.8,6268.0
관악구,미성동,11620765,2416.0,12555.0,19.2,6520.0
동대문구,제기동,11230545,2412.0,15186.0,15.9,6858.0
강북구,번1동,11305595,2412.0,13524.0,17.8,6388.0
도봉구,창5동,11320515,2405.0,10336.0,23.3,5968.0
금천구,시흥1동,11545670,2401.0,9887.0,24.3,5730.0
양천구,목4동,11470540,2399.0,9448.0,25.4,6269.0
강남구,개포1동,11680660,2399.0,10806.0,22.2,6201.0
중구,소공동,11140520,2380.0,19778.0,12.0,6335.0
노원구,월계1동,11350560,2361.0,9814.0,24.1,6789.0
마포구,용강동,11440590,2357.0,11601.0,20.3,6924.0
성동구,성수2가1동,11200670,2348.0,9983.0,23.5,6671.0
동작구,상도2동,11590540,2344.0,12346.0,19.0,6003.0
관악구,청룡동,11620595,2329.0,17248.0,13.5,5829.0
구로구,개봉1동,11530740,2329.0,9670.0,24.1,6313.0
노원구,상계1동,11350630,2326.0,12409.0,18.7,6313.0
서초구,방배4동,11650621,2325.0,11371.0,20.5,6304.0
은평구,응암1동,11380580,2317.0,13842.0,16.7,5388.0
강서구,방화3동,11500641,2293.0,6996.0,32.8,6427.0
노원구,월계2동,11350570,2290.0,10443.0,21.9,6287.0
성북구,동선동,11290575,2281.0,14422.0,15.8,5874.0
강동구,강일동,11740515,2272.0,8863.0,25.6,6801.0
강동구,성내2동,11740650,2271.0,12468.0,18.2,5915.0
영등포구,영등포본동,11560515,2263.0,10928.0,20.7,6482.0
동대문구,답십리1동,11230600,2221.0,12401.0,17.9,5982.0
중랑구,면목본동,11260565,2209.0,9927.0,22.3,5517.0
성북구,길음2동,11290685,2207.0,11084.0,19.9,5601.0
은평구,응암3동,11380600,2196.0,13008.0,16.9,5323.0
노원구,중계1동,11350621,2194.0,11245.0,19.5,5575.0
마포구,망원1동,11440690,2182.0,10663.0,20.5,6322.0
성동구,사근동,11200550,2165.0,11526.0,18.8,5630.0
성동구,마장동,11200540,2158.0,11419.0,18.9,5902.0
은평구,녹번동,11380510,2158.0,13846.0,15.6,5399.0
성북구,장위1동,11290760,2156.0,9638.0,22.4,5919.0
송파구,잠실4동,11710690,2143.0,10909.0,19.6,6202.0
도봉구,창1동,11320511,2137.0,9059.0,23.6,6011.0
송파구,문정1동,11710641,2112.0,8036.0,26.3,5249.0
서대문구,홍은2동,11410685,2089.0,12104.0,17.3,5436.0
은평구,구산동,11380560,2081.0,11255.0,18.5,5145.0
은평구,수색동,11380650,2061.0,7217.0,28.6,6205.0
동대문구,답십리2동,11230610,2027.0,10521.0,19.3,5512.0
마포구,도화동,11440585,2026.0,11059.0,18.3,5910.0
구로구,오류2동,11530780,2022.0,8810.0,22.9,5613.0
도봉구,쌍문2동,11320670,2018.0,8906.0,22.7,4880.0
서초구,방배2동,11650610,1996.0,10371.0,19.3,5602.0
광진구,구의1동,11215850,1971.0,10118.0,19.5,5558.0
서대문구,남가좌2동,11410700,1969.0,11949.0,16.5,5139.0
광진구,군자동,11215730,1969.0,10371.0,19.0,5400.0
노원구,중계2·3동,11350625,1962.0,12465.0,15.7,4920.0
동대문구,휘경2동,11230730,1954.0,10165.0,19.2,5344.0
서대문구,홍제1동,11410620,1952.0,12653.0,15.4,5568.0
강동구,천호3동,11740620,1948.0,10678.0,18.2,4797.0
강남구,개포3동,11680675,1941.0,7412.0,26.2,5919.0
광진구,자양1동,11215820,1934.0,9659.0,20.0,5401.0
강남구,일원1동,11680730,1926.0,5933.0,32.5,5470.0
관악구,신림동,11620695,1925.0,13224.0,14.6,5073.0
강북구,인수동,11305660,1923.0,11358.0,16.9,5344.0
서초구,방배본동,11650590,1916.0,9021.0,21.2,5325.0
강동구,고덕2동,11740560,1910.0,7686.0,24.8,4973.0
마포구,아현동,11440555,1909.0,13529.0,14.1,5521.0
중구,필동,11140570,1907.0,9928.0,19.2,4891.0
중구,광희동,11140590,1902.0,14901.0,12.8,4588.0
도봉구,도봉2동,11320522,1895.0,8442.0,22.4,5608.0
강동구,명일2동,11740540,1890.0,9041.0,20.9,3940.0
양천구,신정1동,11470620,1888.0,7627.0,24.8,4646.0
영등포구,신길6동,11560680,1880.0,9284.0,20.3,5153.0
강북구,송천동,11305555,1878.0,11387.0,16.5,5043.0
서대문구,북가좌2동,11410720,1863.0,12105.0,15.4,4823.0
노원구,상계3·4동,11350665,1858.0,9189.0,20.2,5030.0
동작구,신대방1동,11590670,1856.0,10327.0,18.0,5132.0
영등포구,신길1동,11560630,1838.0,8768.0,21.0,5165.0
성북구,정릉3동,11290640,1837.0,6945.0,26.4,5252.0
성북구,정릉2동,11290630,1824.0,10110.0,18.0,4755.0
동작구,노량진2동,11590520,1822.0,7558.0,24.1,5187.0
동대문구,청량리동,11230705,1820.0,12412.0,14.7,5337.0
종로구,청운효자동,11110515,1817.0,10089.0,18.0,5136.0
중구,신당동,11140615,1811.0,11475.0,15.8,4872.0
강서구,화곡본동,11500590,1809.0,10971.0,16.5,4583.0
용산구,청파동,11170555,1798.0,11736.0,15.3,5041.0
용산구,이태원2동,11170660,1788.0,6431.0,27.8,5508.0
종로구,혜화동,11110650,1787.0,13093.0,13.7,4995.0
광진구,능동,11215780,1786.0,8397.0,21.3,4899.0
마포구,신수동,11440630,1780.0,9100.0,19.6,5222.0
중구,장충동,11140580,1766.0,6884.0,25.6,5190.0
도봉구,방학3동,11320710,1757.0,8636.0,20.3,4536.0
마포구,성산1동,11440720,1750.0,8636.0,20.3,4879.0
강북구,미아동,11305535,1739.0,11160.0,15.6,4582.0
구로구,구로1동,11530520,1737.0,5903.0,29.4,4927.0
동작구,상도4동,11590560,1732.0,8826.0,19.6,4808.0
구로구,개봉2동,11530750,1707.0,6665.0,25.6,4757.0
양천구,신월6동,11470610,1702.0,5163.0,33.0,4743.0
양천구,신월7동,11470611,1676.0,5940.0,28.2,4494.0
중랑구,중화2동,11260610,1673.0,8947.0,18.7,4186.0
강서구,화곡4동,11500570,1670.0,6911.0,24.2,4403.0
동작구,사당1동,11590620,1659.0,10673.0,15.5,4283.0
마포구,연남동,11440710,1649.0,9272.0,17.8,4601.0
종로구,부암동,11110550,1639.0,6180.0,26.5,5048.0
영등포구,대림1동,11560700,1634.0,6900.0,23.7,4191.0
도봉구,쌍문1동,11320660,1623.0,8044.0,20.2,4192.0
강동구,고덕1동,11740550,1621.0,6520.0,24.9,3894.0
용산구,이태원1동,11170650,1618.0,6185.0,26.2,5267.0
서초구,방배3동,11650620,1594.0,8148.0,19.6,4591.0
마포구,망원2동,11440700,1592.0,7166.0,22.2,4706.0
관악구,서원동,11620645,1591.0,13081.0,12.2,3926.0
광진구,중곡2동,11215750,1590.0,7981.0,19.9,4699.0
양천구,신월1동,11470560,1589.0,6403.0,24.8,4257.0
중랑구,면목4동,11260540,1586.0,6877.0,23.1,4610.0
강북구,번3동,11305608,1580.0,7123.0,22.2,4196.0
강동구,명일1동,11740530,1574.0,9965.0,15.8,3490.0
관악구,은천동,11620605,1566.0,11235.0,13.9,4187.0
영등포구,도림동,11560585,1557.0,6615.0,23.5,4040.0
서초구,방배1동,11650600,1547.0,8755.0,17.7,4153.0
중구,다산동,11140625,1544.0,8980.0,17.2,4318.0
성북구,정릉4동,11290650,1537.0,8912.0,17.2,4362.0
강북구,수유2동,11305625,1534.0,7617.0,20.1,4130.0
광진구,중곡3동,11215760,1509.0,7639.0,19.8,4074.0
양천구,목3동,11470530,1503.0,5456.0,27.6,4474.0
중랑구,면목2동,11260520,1490.0,7127.0,20.9,3840.0
영등포구,신길7동,11560690,1487.0,7041.0,21.1,4053.0
송파구,거여2동,11710532,1483.0,6458.0,23.0,4084.0
금천구,시흥2동,11545680,1477.0,6400.0,23.1,4035.0
양천구,신정6동,11470670,1476.0,6336.0,23.3,3771.0
중랑구,상봉1동,11260580,1457.0,7090.0,20.6,3316.0
성북구,장위2동,11290770,1455.0,6473.0,22.5,3997.0
성동구,금호2·3가동,11200615,1454.0,8270.0,17.6,4306.0
강북구,삼양동,11305534,1453.0,8787.0,16.5,3901.0
강동구,상일제2동,11740526,1452.0,5473.0,26.5,4212.0
구로구,고척2동,11530730,1440.0,5876.0,24.5,3861.0
강북구,수유1동,11305615,1427.0,8614.0,16.6,3712.0
은평구,불광1동,11380520,1419.0,9395.0,15.1,3589.0
노원구,중계4동,11350624,1418.0,6726.0,21.1,3547.0
금천구,독산3동,11545630,1402.0,6975.0,20.1,3392.0
중랑구,묵2동,11260630,1396.0,6463.0,21.6,4099.0
송파구,거여1동,11710531,1393.0,5353.0,26.0,3633.0
송파구,송파2동,11710590,1386.0,7202.0,19.2,3600.0
서대문구,홍제3동,11410640,1360.0,8599.0,15.8,3814.0
중구,을지로동,11140605,1360.0,10450.0,13.0,3504.0
강서구,가양2동,11500604,1359.0,5627.0,24.1,3859.0
동대문구,전농2동,11230570,1358.0,7713.0,17.6,3687.0
광진구,중곡1동,11215740,1354.0,6484.0,20.9,3809.0
서대문구,홍은1동,11410660,1344.0,7632.0,17.6,4095.0
서대문구,남가좌1동,11410690,1342.0,6477.0,20.7,3441.0
종로구,종로5·6가동,11110630,1336.0,11755.0,11.4,3831.0
금천구,독산4동,11545640,1330.0,6013.0,22.1,3006.0
동대문구,회기동,11230710,1327.0,8571.0,15.5,4193.0
은평구,갈현2동,11380552,1311.0,8078.0,16.2,3094.0
성북구,장위3동,11290780,1310.0,4990.0,26.2,3765.0
성북구,돈암1동,11290580,1301.0,6785.0,19.2,3382.0
노원구,상계5동,11350670,1287.0,7113.0,18.1,3321.0
송파구,마천2동,11710550,1285.0,5399.0,23.8,3908.0
도봉구,방학2동,11320700,1284.0,5827.0,22.0,3141.0
양천구,신월2동,11470570,1283.0,4724.0,27.2,3476.0
구로구,오류1동,11530770,1279.0,5884.0,21.7,3521.0
강북구,삼각산동,11305575,1279.0,9048.0,14.1,3653.0
관악구,남현동,11620630,1271.0,7518.0,16.9,3509.0
관악구,보라매동,11620525,1253.0,8412.0,14.9,3553.0
은평구,불광2동,11380530,1246.0,8144.0,15.3,2785.0
노원구,상계8동,11350700,1246.0,7119.0,17.5,3103.0
중구,약수동,11140635,1238.0,6444.0,19.2,3831.0
강북구,번2동,11305603,1234.0,6400.0,19.3,3114.0
동대문구,휘경1동,11230720,1232.0,6637.0,18.6,3654.0
강동구,암사2동,11740580,1232.0,5465.0,22.5,3185.0
도봉구,창3동,11320513,1230.0,5655.0,21.8,3240.0
강동구,천호1동,11740600,1206.0,7283.0,16.6,2880.0
성북구,보문동,11290610,1203.0,7968.0,15.1,3108.0
용산구,후암동,11170510,1199.0,6808.0,17.6,3201.0
은평구,응암2동,11380590,1196.0,7826.0,15.3,3208.0
관악구,인헌동,11620625,1194.0,8342.0,14.3,3155.0
중랑구,면목5동,11260550,1171.0,4976.0,23.5,3126.0
용산구,원효로2동,11170570,1151.0,5806.0,19.8,3311.0
강서구,가양3동,11500605,1151.0,4449.0,25.9,3514.0
서대문구,북가좌1동,11410710,1133.0,5909.0,19.2,3039.0
송파구,풍납1동,11710510,1133.0,4856.0,23.3,2993.0
동대문구,이문2동,11230750,1126.0,5493.0,20.5,3159.0
용산구,용산2가동,11170520,1120.0,5903.0,19.0,3183.0
동작구,사당3동,11590640,1111.0,6107.0,18.2,3081.0
은평구,갈현1동,11380551,1105.0,7643.0,14.5,2527.0
도봉구,쌍문3동,11320680,1102.0,5969.0,18.5,2956.0
강동구,암사3동,11740590,1095.0,5217.0,21.0,2639.0
성동구,송정동,11200720,1093.0,4024.0,27.2,2945.0
관악구,성현동,11620565,1090.0,8300.0,13.1,3059.0
종로구,교남동,11110580,1086.0,6570.0,16.5,2711.0
성동구,금호1가동,11200590,1086.0,6339.0,17.1,3191.0
중랑구,중화1동,11260600,1084.0,5966.0,18.2,2623.0
금천구,시흥5동,11545710,1082.0,4659.0,23.2,2767.0
송파구,마천1동,11710540,1079.0,3706.0,29.1,3248.0
관악구,신사동,11620685,1076.0,7271.0,14.8,2881.0
성동구,응봉동,11200580,1074.0,5110.0,21.0,3075.0
동작구,상도3동,11590550,1074.0,7299.0,14.7,2958.0
양천구,신월5동,11470600,1065.0,4477.0,23.8,2873.0
은평구,신사1동,11380631,1058.0,7646.0,13.8,2777.0
금천구,시흥3동,11545690,1049.0,3024.0,34.7,3242.0
중랑구,신내2동,11260690,1043.0,4981.0,20.9,2445.0
종로구,숭인2동,11110710,1037.0,8186.0,12.7,2692.0
중랑구,면목7동,11260570,1033.0,5894.0,17.5,3064.0
중구,중림동,11140680,1030.0,6689.0,15.4,2791.0
서대문구,천연동,11410520,1021.0,7022.0,14.5,2719.0
구로구,구로4동,11530550,1021.0,5914.0,17.3,2923.0
성동구,금호4가동,11200620,1014.0,5449.0,18.6,3097.0
영등포구,신길3동,11560650,1014.0,4459.0,22.7,2639.0
성동구,왕십리2동,11200520,1011.0,6101.0,16.6,2978.0
종로구,삼청동,11110540,1008.0,5172.0,19.5,2667.0
성동구,행당2동,11200570,994.0,7378.0,13.5,3027.0
구로구,수궁동,11530790,990.0,5040.0,19.6,2712.0
관악구,삼성동,11620745,980.0,7433.0,13.2,2513.0
관악구,행운동,11620575,965.0,6999.0,13.8,2637.0
용산구,원효로1동,11170560,962.0,5816.0,16.5,2687.0
도봉구,쌍문4동,11320681,957.0,5428.0,17.6,2582.0
노원구,상계10동,11350720,948.0,5854.0,16.2,2287.0
송파구,잠실7동,11710720,944.0,4656.0,20.3,2709.0
금천구,독산2동,11545620,935.0,4146.0,22.6,2236.0
구로구,개봉3동,11530760,926.0,4165.0,22.2,2700.0
양천구,신월3동,11470580,923.0,3908.0,23.6,2585.0
용산구,보광동,11170700,922.0,2875.0,32.1,2815.0
은평구,신사2동,11380632,921.0,6471.0,14.2,2409.0
금천구,시흥4동,11545700,899.0,5059.0,17.8,2104.0
중구,황학동,11140670,894.0,6675.0,13.4,2261.0
성북구,정릉1동,11290620,890.0,5124.0,17.4,2420.0
용산구,효창동,11170580,872.0,5516.0,15.8,2243.0
서초구,반포본동,11650550,870.0,3566.0,24.4,2299.0
중랑구,망우3동,11260660,869.0,3943.0,22.0,2083.0
관악구,난곡동,11620775,858.0,6526.0,13.2,2061.0
영등포구,신길5동,11560670,851.0,3539.0,24.1,2205.0
동작구,사당5동,11590651,826.0,4832.0,17.1,2148.0
관악구,중앙동,11620615,826.0,5530.0,14.9,2078.0
강서구,화곡2동,11500550,822.0,3886.0,21.2,2231.0
동작구,사당4동,11590650,817.0,4108.0,19.9,2081.0
관악구,서림동,11620665,789.0,6374.0,12.4,2070.0
양천구,신월4동,11470590,774.0,3058.0,25.3,2097.0
구로구,가리봉동,11530595,773.0,3849.0,20.1,2180.0
관악구,난향동,11620715,770.0,4727.0,16.3,2244.0
종로구,창신1동,11110670,769.0,6290.0,12.2,2142.0
은평구,증산동,11380640,760.0,4222.0,18.0,2058.0
노원구,상계9동,11350710,753.0,5328.0,14.1,1797.0
종로구,가회동,11110600,723.0,5960.0,12.1,2018.0
성북구,돈암2동,11290590,709.0,4112.0,17.2,1967.0
서대문구,북아현동,11410555,683.0,5218.0,13.1,1873.0
영등포구,대림2동,11560710,674.0,3679.0,18.3,1826.0
중구,신당5동,11140650,669.0,4902.0,13.6,1756.0
영등포구,신길4동,11560660,659.0,3343.0,19.7,1778.0
중구,동화동,11140665,648.0,4617.0,14.0,1745.0
용산구,용문동,11170590,609.0,4128.0,14.8,1719.0
구로구,항동,11530800,556.0,1986.0,28.0,1315.0
용산구,이촌2동,11170640,554.0,2361.0,23.5,1652.0
서대문구,홍제2동,11410655,546.0,4377.0,12.5,1693.0
관악구,신원동,11620655,496.0,4130.0,12.0,1392.0
중구,청구동,11140645,484.0,3620.0,13.4,1420.0
관악구,청림동,11620545,400.0,2769.0,14.4,1125.0
종로구,무악동,11110570,381.0,2871.0,13.3,1113.0
종로구,숭인1동,11110700,370.0,3470.0,10.7,919.0
종로구,창신3동,11110690,349.0,2442.0,14.3,951.0
종로구,창신2동,11110680,269.0,2376.0,11.3,705.0
