code,gu,nm,car15,all15,car_share15,sub_dist_km,route_stop_density,bus_density,access_gap,gap_supply,priority,elder_pct,recip_pct
11110530,종로구,사직동,3749.6075,22448.875,0.167,0.354,124.5618,25.7714,0.1844,False,False,22.6279,1.4311
11110540,종로구,삼청동,1008.1675,5172.3875,0.1949,1.095,23.5344,11.7672,0.9184,True,False,29.5898,2.4414
11110550,종로구,부암동,1639.4825,6179.6125,0.2653,1.9807,47.2831,15.0033,0.8806,True,True,23.1732,1.6576
11110560,종로구,평창동,2645.71,7821.3,0.3383,3.1935,14.5412,6.1051,0.9882,True,True,24.4362,0.9919
11110570,종로구,무악동,381.2175,2870.6225,0.1328,0.3473,10.7085,6.4251,0.604,False,False,21.4193,3.2753
11110580,종로구,교남동,1085.9025,6569.96,0.1653,0.6452,176.5694,66.5754,0.3227,False,False,19.487,2.7658
11110600,종로구,가회동,722.765,5960.315,0.1213,0.8754,64.5087,36.3895,0.7104,True,False,25.6229,2.6048
11110615,종로구,종로1·2·3·4가동,5587.49,46653.6225,0.1198,0.6455,175.262,29.2801,0.3251,False,False,28.4075,13.8717
11110630,종로구,종로5·6가동,1335.7225,11755.2175,0.1136,0.3024,166.0005,33.2001,0.0946,False,False,21.288,6.1062
11110640,종로구,이화동,8416.05,36173.3225,0.2327,0.28,105.9801,22.5208,0.1915,False,False,21.3567,4.1212
11110670,종로구,창신1동,768.745,6290.08,0.1222,0.2243,194.6606,28.7204,0.0414,False,False,31.5188,10.8875
11110680,종로구,창신2동,268.9925,2375.55,0.1132,0.5686,4.0075,4.0075,0.766,True,False,29.4433,9.2258
11110690,종로구,창신3동,349.315,2441.715,0.1431,0.2601,31.8056,27.2619,0.5071,False,False,25.0496,4.3485
11110700,종로구,숭인1동,369.8475,3469.9475,0.1066,0.2524,59.1237,42.2312,0.3794,False,False,25.273,6.3755
11110710,종로구,숭인2동,1036.575,8186.265,0.1266,0.2669,196.2631,28.0376,0.0603,False,False,18.9551,5.5469
11110515,종로구,청운효자동,1817.1075,10088.7625,0.1801,1.0409,32.0317,12.3199,0.8865,True,False,21.5222,2.3966
11110650,종로구,혜화동,1787.37,13093.0725,0.1365,0.4945,91.9881,32.6687,0.3924,False,False,18.2391,2.4175
11140520,중구,소공동,2380.34,19777.915,0.1204,0.1338,195.8952,40.6777,0.0177,False,False,13.0041,1.6765
11140540,중구,회현동,2679.12,24103.85,0.1111,0.2782,270.3402,35.8958,0.065,False,False,32.9045,10.5393
11140550,중구,명동,3988.4425,27755.41,0.1437,0.0931,172.0974,33.8226,0.0213,False,False,30.0321,2.1652
11140570,중구,필동,1906.9875,9927.6275,0.1921,0.505,31.8422,6.7749,0.6785,True,False,22.5934,2.9923
11140580,중구,장충동,1765.7325,6884.2975,0.2565,0.4563,31.956,12.9821,0.6478,False,False,21.1811,3.9878
11140590,중구,광희동,1902.1625,14901.1525,0.1277,0.1716,139.7106,31.9338,0.0615,False,False,22.2824,4.4565
11140605,중구,을지로동,1360.095,10449.705,0.1302,0.1275,83.529,26.7293,0.2281,False,False,17.1475,5.1803
11140650,중구,신당5동,668.5375,4901.8375,0.1364,0.6022,120.5782,28.558,0.3664,False,False,21.8703,6.4957
11140670,중구,황학동,893.735,6674.6425,0.1339,0.4455,79.5179,19.0843,0.4196,False,False,18.3816,4.7053
11140680,중구,중림동,1029.735,6689.065,0.1539,0.4725,67.1438,16.2773,0.5071,False,False,19.7796,5.8556
11140615,중구,신당동,1811.4375,11474.56,0.1579,0.2579,57.3537,14.801,0.3924,False,False,23.873,7.9577
11140625,중구,다산동,1544.29,8980.365,0.172,0.2048,71.4613,14.6587,0.3109,False,False,25.3019,4.5104
11140635,중구,약수동,1238.32,6443.58,0.1922,0.323,46.964,25.4389,0.4752,False,False,28.6253,6.1536
11140645,중구,청구동,484.275,3620.475,0.1338,0.4133,36.4178,9.1044,0.5993,False,False,26.0465,7.1583
11140665,중구,동화동,648.29,4616.6875,0.1404,0.3903,43.5579,17.4232,0.552,False,False,24.7509,2.4956
11170510,용산구,후암동,1198.8775,6808.4375,0.1761,0.9407,32.5898,18.6228,0.8629,True,False,21.5565,6.492
11170520,용산구,용산2가동,1119.6725,5902.73,0.1897,0.5252,28.245,13.6181,0.7021,True,False,25.7585,8.3165
11170530,용산구,남영동,2579.055,18151.9025,0.1421,0.2528,109.2337,18.0623,0.1667,False,False,24.1997,20.4439
11170570,용산구,원효로2동,1150.8925,5805.8475,0.1982,0.8929,64.2625,30.2412,0.7163,True,False,19.7132,3.9411
11170580,용산구,효창동,871.59,5515.79,0.158,0.4848,91.1172,28.7738,0.3913,False,False,17.3653,1.7442
11170590,용산구,용문동,609.4025,4127.675,0.1476,0.291,123.3331,74.7473,0.1489,False,False,22.5054,4.2906
11170630,용산구,이촌1동,2809.7,10697.4025,0.2627,0.8663,25.2878,8.3138,0.8676,True,True,19.3453,0.329
11170640,용산구,이촌2동,553.865,2360.8475,0.2346,1.1122,32.3593,7.664,0.8924,True,False,25.1462,2.755
11170650,용산구,이태원1동,1617.8075,6185.1625,0.2616,0.1598,73.2419,26.292,0.2861,False,False,25.2316,5.2427
11170660,용산구,이태원2동,1788.4675,6430.6875,0.2781,0.792,41.5716,23.5947,0.7908,True,True,22.4448,3.8148
11170690,용산구,서빙고동,2865.805,9683.0725,0.296,0.3149,23.6159,7.402,0.5567,False,False,20.2104,3.5095
11170700,용산구,보광동,922.3875,2874.8375,0.3208,0.7872,28.6998,10.3319,0.8286,True,True,25.1239,14.1979
11170555,용산구,청파동,1797.6375,11735.9325,0.1532,0.5793,49.9372,26.0542,0.6442,False,False,19.4887,6.8442
11170560,용산구,원효로1동,961.7325,5816.4975,0.1653,0.5243,147.4697,37.3116,0.2719,False,False,13.3717,2.6908
11170625,용산구,한강로동,10903.7525,42886.8725,0.2542,0.0313,74.4949,14.1895,0.2612,False,False,17.1572,2.1237
11170685,용산구,한남동,5768.9275,19042.8975,0.3029,0.4206,46.7277,10.6627,0.5615,False,False,20.1343,1.3433
11200520,성동구,왕십리2동,1010.7675,6100.92,0.1657,0.3101,86.8716,29.9557,0.2801,False,False,19.2003,4.0883
11200540,성동구,마장동,2158.1525,11419.42,0.189,0.2494,59.5281,25.7659,0.3735,False,False,21.4189,4.2257
11200550,성동구,사근동,2165.2925,11525.84,0.1879,0.4935,50.3375,34.7155,0.5898,False,False,13.7602,2.1562
11200560,성동구,행당1동,8465.865,29765.985,0.2844,0.3211,176.7784,49.4979,0.0969,False,False,17.5088,2.6314
11200570,성동구,행당2동,994.21,7377.5525,0.1348,0.0858,119.0667,60.5778,0.0851,False,False,20.4446,4.1096
11200580,성동구,응봉동,1074.1225,5109.7575,0.2102,0.0877,87.1804,55.155,0.1998,False,False,18.9097,1.664
11200590,성동구,금호1가동,1085.8225,6339.1,0.1713,0.5421,95.8349,76.1764,0.4102,False,False,21.9161,5.2154
11200620,성동구,금호4가동,1014.3575,5449.21,0.1861,0.7622,77.1502,36.0034,0.6087,False,False,21.2326,3.9002
11200650,성동구,성수1가1동,3059.9825,11971.3725,0.2556,0.4459,42.9725,16.1147,0.6017,False,False,19.0647,3.4651
11200660,성동구,성수1가2동,4001.1425,14691.945,0.2723,0.3783,50.2399,13.329,0.4965,False,False,18.1506,1.4711
11200670,성동구,성수2가1동,2348.415,9982.7925,0.2352,0.9902,76.6381,26.1266,0.6809,True,False,24.7669,6.1353
11200690,성동구,성수2가3동,6019.5,21730.16,0.277,0.2682,46.9232,18.1947,0.4468,False,False,21.94,2.0043
11200720,성동구,송정동,1093.14,4024.3825,0.2716,0.8343,47.7306,22.1606,0.7719,True,True,22.8207,7.9178
11200790,성동구,용답동,2503.72,9592.6975,0.261,0.6064,15.6199,4.2216,0.7778,True,True,19.1019,7.6362
11200535,성동구,왕십리도선동,2654.625,15139.83,0.1753,0.3081,126.2623,37.4624,0.1478,False,False,18.0766,4.0279
11200615,성동구,금호2·3가동,1453.5125,8269.6725,0.1758,0.2056,97.8087,66.2089,0.1868,False,False,20.9055,3.7979
11200645,성동구,옥수동,2936.235,13679.7125,0.2146,0.399,41.5567,20.2589,0.5697,False,False,19.5462,2.3365
11215710,광진구,화양동,3698.76,19402.42,0.1906,0.3644,84.1977,17.8601,0.3345,False,False,11.1749,3.3307
11215730,광진구,군자동,1968.93,10371.4325,0.1898,0.5905,118.6588,30.0057,0.3617,False,False,19.5616,5.1367
11215740,광진구,중곡1동,1353.9175,6483.85,0.2088,0.5971,94.9391,30.5161,0.4433,False,False,20.9258,7.0858
11215750,광진구,중곡2동,1589.655,7980.575,0.1992,0.5554,91.98,31.2732,0.4326,False,False,21.2232,5.6233
11215760,광진구,중곡3동,1509.415,7639.1675,0.1976,0.3119,108.0079,36.5565,0.2057,False,False,23.7766,8.6951
11215770,광진구,중곡4동,2486.3,12046.135,0.2064,0.9708,19.7281,14.4673,0.9066,True,False,24.86,6.778
11215780,광진구,능동,1786.105,8397.3925,0.2127,0.6382,40.6858,9.2468,0.7281,True,False,17.9574,4.0136
11215850,광진구,구의1동,1971.3775,10117.735,0.1948,0.4067,78.0007,23.5816,0.3995,False,False,17.0246,4.7822
11215860,광진구,구의2동,2970.72,12638.745,0.235,0.3845,39.9043,14.5107,0.565,False,False,21.902,5.5986
11215870,광진구,구의3동,4847.1375,17608.5275,0.2753,0.1203,28.322,15.888,0.4716,False,False,18.8694,2.0387
11215810,광진구,광장동,4094.665,14892.61,0.2749,0.2296,17.8125,13.8137,0.5225,False,False,14.2405,0.8649
11215820,광진구,자양1동,1934.335,9659.155,0.2003,0.5138,85.1202,23.0534,0.4397,False,False,20.0494,6.4873
11215830,광진구,자양2동,3145.1675,13305.6,0.2364,0.7092,31.3311,10.4437,0.7955,True,False,19.1665,3.7678
11215840,광진구,자양3동,4011.7625,17682.315,0.2269,0.3791,41.5036,15.0119,0.5485,False,False,19.9782,1.6752
11215847,광진구,자양4동,2741.975,12857.5525,0.2133,0.3846,51.1774,11.2764,0.5035,False,False,22.7646,5.5351
11230710,동대문구,회기동,1326.64,8571.38,0.1548,0.7619,37.3635,12.4545,0.7908,True,False,15.8569,3.5205
11230720,동대문구,휘경1동,1232.435,6636.6225,0.1857,0.4816,133.3827,27.4611,0.2671,False,False,15.8224,2.1013
11230730,동대문구,휘경2동,1954.035,10165.3625,0.1922,0.6006,72.8669,16.751,0.5556,False,False,20.0468,3.0952
11230705,동대문구,청량리동,1820.015,12411.535,0.1466,0.8216,85.9561,21.2763,0.5946,False,False,33.5498,10.4166
11230545,동대문구,제기동,2412.285,15185.725,0.1589,0.6683,129.6988,22.0403,0.3818,False,False,26.7,7.3909
11230560,동대문구,전농1동,5309.0275,25086.7925,0.2116,0.1933,138.6372,29.0967,0.0709,False,False,20.9822,6.074
11230570,동대문구,전농2동,1358.445,7713.1675,0.1761,1.0568,47.2951,9.0565,0.8239,True,False,25.1749,4.6361
11230610,동대문구,답십리2동,2026.595,10521.42,0.1926,0.7696,71.6237,18.2094,0.6442,False,False,24.6429,5.1576
11230650,동대문구,장안1동,4046.7775,17694.53,0.2287,0.6227,78.4892,20.5392,0.5331,False,False,22.048,4.4819
11230660,동대문구,장안2동,3961.67,16891.135,0.2345,1.2529,118.4433,32.7045,0.5473,False,False,19.7966,4.9628
11230740,동대문구,이문1동,2435.32,11888.6075,0.2048,0.1552,61.7576,26.8944,0.3345,False,False,14.1018,2.0702
11230750,동대문구,이문2동,1126.0225,5493.2025,0.205,0.154,49.7311,13.6761,0.3877,False,False,24.4583,5.4948
11230600,동대문구,답십리1동,2221.2725,12400.6125,0.1791,0.462,87.7899,33.8618,0.396,False,False,17.7731,3.2612
11260520,중랑구,면목2동,1490.3225,7127.0525,0.2091,0.6338,90.0535,32.258,0.4858,False,False,25.4191,8.5562
11260540,중랑구,면목4동,1586.0725,6876.6175,0.2306,0.0587,77.83,17.6886,0.247,False,False,26.0845,11.1913
11260550,중랑구,면목5동,1171.0525,4976.15,0.2353,0.8101,118.6431,22.0337,0.4634,False,False,20.8973,6.1877
11260570,중랑구,면목7동,1032.97,5893.735,0.1753,0.8564,62.7614,14.4182,0.7116,True,False,26.2033,6.1808
11260580,중랑구,상봉1동,1457.385,7090.16,0.2056,0.4353,108.0133,17.4215,0.2991,False,False,22.1929,7.8124
11260590,중랑구,상봉2동,3813.725,17151.735,0.2224,0.1124,97.7391,22.9076,0.1655,False,False,17.1576,6.5182
11260600,중랑구,중화1동,1083.92,5966.105,0.1817,0.3459,67.3036,20.9389,0.4043,False,False,25.4498,6.9495
11260610,중랑구,중화2동,1672.9125,8947.16,0.187,0.4517,75.251,29.2643,0.448,False,False,25.2761,10.9244
11260620,중랑구,묵1동,2792.2975,13183.9275,0.2118,0.3759,79.5639,27.3501,0.3546,False,False,22.3115,3.9459
11260630,중랑구,묵2동,1395.9575,6462.6175,0.216,0.2899,58.4245,29.9613,0.4066,False,False,25.2608,7.1034
11260660,중랑구,망우3동,868.8175,3942.9525,0.2203,1.3321,31.3133,10.1011,0.9232,True,False,28.0734,13.284
11260680,중랑구,신내1동,4682.8425,16614.0275,0.2819,0.4654,102.0883,20.9,0.3428,False,False,24.3276,7.0488
11260690,중랑구,신내2동,1042.6225,4980.695,0.2093,0.9404,105.9749,21.4091,0.5437,False,False,26.8035,7.711
11260565,중랑구,면목본동,2209.2,9927.4875,0.2225,0.158,117.3067,31.443,0.1099,False,False,24.0249,8.9491
11260575,중랑구,면목3·8동,2871.2475,11768.3625,0.244,1.2625,65.755,20.7271,0.7683,True,True,26.7674,8.8029
11260655,중랑구,망우본동,3712.54,14580.6,0.2546,0.4923,73.35,19.3562,0.4835,False,False,22.6077,8.0522
11290580,성북구,돈암1동,1301.08,6784.575,0.1918,0.4558,145.4959,26.059,0.2305,False,False,25.0311,4.703
11290590,성북구,돈암2동,709.235,4112.3225,0.1725,0.7931,91.7572,68.8179,0.5485,False,False,18.7086,1.7515
11290600,성북구,안암동,2459.1275,14712.435,0.1671,0.1949,58.9193,22.7821,0.3593,False,False,15.2487,3.156
11290610,성북구,보문동,1203.4,7967.9625,0.151,0.231,69.5887,16.9728,0.3274,False,False,19.0,3.828
11290620,성북구,정릉1동,889.765,5124.0725,0.1736,0.4287,151.5567,38.5314,0.2009,False,False,21.1114,2.6554
11290630,성북구,정릉2동,1823.91,10110.4,0.1804,0.5165,100.4592,41.7839,0.3794,False,False,24.6771,4.2108
11290640,성북구,정릉3동,1836.8975,6944.7925,0.2645,0.6731,28.0201,9.8368,0.7861,True,True,24.5598,5.1891
11290650,성북구,정릉4동,1536.9175,8912.3325,0.1724,1.3905,24.2613,7.8175,0.9421,True,False,24.78,4.0844
11290660,성북구,길음1동,2784.5525,14871.1325,0.1872,0.7309,108.8532,33.0229,0.4657,False,False,15.2718,2.1186
11290685,성북구,길음2동,2207.465,11083.735,0.1992,0.5378,139.7222,35.7429,0.2872,False,False,16.7525,3.2447
11290715,성북구,월곡1동,2943.39,12399.735,0.2374,0.7931,78.531,24.8681,0.6111,False,False,23.28,4.5185
11290725,성북구,월곡2동,2641.3375,12136.6625,0.2176,0.3547,44.2693,19.5085,0.5177,False,False,23.2282,4.839
11290760,성북구,장위1동,2156.1975,9637.685,0.2237,1.1202,117.4615,51.1303,0.5378,False,False,22.0812,9.5356
11290770,성북구,장위2동,1454.73,6472.7975,0.2247,0.3616,109.7413,43.5959,0.2293,False,False,24.5376,7.5647
11290780,성북구,장위3동,1309.7075,4990.255,0.2625,0.9208,150.958,45.434,0.4397,False,False,16.8252,3.5061
11290525,성북구,성북동,2972.32,12354.1625,0.2406,1.2218,59.2536,19.475,0.7884,True,False,21.8269,3.1264
11290555,성북구,삼선동,2546.9875,15804.3075,0.1612,0.4931,98.8042,41.7173,0.3723,False,False,21.0021,4.4266
11290575,성북구,동선동,2281.1825,14421.6,0.1582,0.2058,109.4496,23.258,0.1466,False,False,15.9178,3.197
11290705,성북구,종암동,3471.035,17352.74,0.2,0.7858,113.9456,40.1773,0.4693,False,False,22.1947,4.1763
11290810,성북구,석관동,2478.1275,11867.96,0.2088,0.4332,56.6692,15.613,0.5201,False,False,26.1125,6.2897
11305595,강북구,번1동,2412.1925,13524.0225,0.1784,0.3998,136.0692,36.9571,0.2033,False,False,24.3661,8.1157
11305603,강북구,번2동,1234.2375,6400.0375,0.1928,0.8276,88.9686,40.5302,0.5804,False,False,33.2462,15.3444
11305608,강북구,번3동,1579.8,7122.8825,0.2218,1.5419,72.4638,35.7733,0.7577,True,False,34.374,20.5892
11305615,강북구,수유1동,1426.9925,8613.505,0.1657,1.0302,46.9025,22.0037,0.8262,True,False,27.8572,9.2043
11305625,강북구,수유2동,1533.825,7616.9325,0.2014,0.4582,100.7056,24.7637,0.344,False,False,30.1087,7.3628
11305635,강북구,수유3동,2890.1375,16390.0525,0.1763,0.3649,169.8072,30.1271,0.1383,False,False,25.3374,8.5997
11305534,강북구,삼양동,1453.115,8786.5675,0.1654,0.5089,72.5596,31.5476,0.5059,False,False,25.5222,8.4331
11305535,강북구,미아동,1739.3,11160.3175,0.1558,0.2506,99.6195,31.6439,0.1974,False,False,27.1512,8.0485
11305545,강북구,송중동,2944.6125,18450.565,0.1596,0.5841,162.1128,55.6085,0.2943,False,False,25.9112,6.4806
11305555,강북구,송천동,1877.68,11386.575,0.1649,0.5552,128.9091,23.438,0.3215,False,False,29.6481,8.9805
11305575,강북구,삼각산동,1278.5775,9047.58,0.1413,0.5548,83.5924,32.4134,0.4728,False,False,18.5652,5.3317
11305645,강북구,우이동,3063.1375,12784.9925,0.2396,0.9757,12.4371,3.2729,0.9184,True,False,29.9422,7.9219
11305660,강북구,인수동,1922.5025,11357.905,0.1693,1.4321,32.5365,17.1429,0.9184,True,False,29.9932,9.5156
11320660,도봉구,쌍문1동,1623.0825,8043.8075,0.2018,0.5451,91.339,37.9143,0.4291,False,False,27.7726,6.9334
11320670,도봉구,쌍문2동,2017.635,8905.7325,0.2266,0.7628,107.185,26.3261,0.4846,False,False,27.9944,7.8577
11320680,도봉구,쌍문3동,1102.4475,5968.6575,0.1847,0.3428,86.1312,26.0397,0.3073,False,False,26.54,6.6256
11320681,도봉구,쌍문4동,956.845,5428.495,0.1763,0.858,78.019,27.7401,0.6383,False,False,24.1017,2.5322
11320690,도봉구,방학1동,2798.93,12331.3475,0.227,0.2729,98.0783,30.1779,0.2163,False,False,26.7271,7.594
11320700,도봉구,방학2동,1284.2425,5826.5925,0.2204,0.9683,40.5982,20.7502,0.8475,True,False,30.9882,16.1368
11320710,도봉구,방학3동,1756.64,8635.5075,0.2034,0.9418,43.5488,14.5163,0.8298,True,False,26.5441,1.9888
11320511,도봉구,창1동,2137.08,9058.775,0.2359,0.4843,42.1045,17.391,0.6277,False,False,24.4942,3.2423
11320512,도봉구,창2동,2760.81,12336.895,0.2238,0.7811,139.2282,39.5701,0.409,False,False,24.7279,5.6168
11320513,도봉구,창3동,1230.1825,5654.91,0.2175,1.1849,64.3263,25.103,0.7636,True,False,28.2141,10.7296
11320514,도봉구,창4동,3995.405,18698.555,0.2137,0.4123,93.3415,33.208,0.331,False,False,21.38,1.7327
11320515,도봉구,창5동,2405.0425,10335.6575,0.2327,0.571,75.3631,26.0872,0.5213,False,False,24.1198,3.568
11320521,도봉구,도봉1동,2667.68,8982.83,0.297,1.7231,10.9302,4.231,0.9846,True,True,35.5467,10.278
11320522,도봉구,도봉2동,1894.6675,8442.3,0.2244,0.3341,87.8602,35.9809,0.2837,False,False,31.0584,5.1744
11350560,노원구,월계1동,2360.7125,9814.065,0.2405,0.4249,157.0688,40.753,0.1915,False,False,23.6231,4.7612
11350570,노원구,월계2동,2289.8125,10443.08,0.2193,0.6627,45.2134,19.0901,0.7175,True,False,28.4584,12.1568
11350580,노원구,월계3동,5631.7525,17028.7,0.3307,0.3376,93.4148,18.8544,0.2612,False,False,26.1224,7.7182
11350600,노원구,공릉2동,3765.2475,16826.5875,0.2238,1.5437,17.2182,6.3363,0.9693,True,False,17.4487,2.5503
11350611,노원구,하계1동,2707.155,14752.895,0.1835,0.605,79.1593,26.3864,0.5213,False,False,21.9541,11.1291
11350612,노원구,하계2동,2594.435,8956.3325,0.2897,0.3403,138.5032,33.6365,0.1454,False,False,18.5296,6.3136
11350619,노원구,중계본동,2450.1925,11297.6575,0.2169,1.7488,32.9995,8.2499,0.9326,True,False,13.5795,2.786
11350621,노원구,중계1동,2193.585,11245.1525,0.1951,0.8734,95.3592,29.5942,0.5615,False,False,12.3878,3.128
11350624,노원구,중계4동,1418.405,6725.9975,0.2109,0.8415,15.0954,5.4892,0.883,True,False,24.9325,10.3476
11350630,노원구,상계1동,2326.055,12409.2925,0.1874,0.9405,18.9828,5.7948,0.9007,True,False,25.8719,6.0125
11350640,노원구,상계2동,3725.295,20818.63,0.1789,0.5927,133.7214,38.9315,0.3369,False,False,23.5891,6.3559
11350670,노원구,상계5동,1286.8775,7113.4975,0.1809,0.445,105.6841,38.6153,0.3156,False,False,27.9309,10.3274
11350700,노원구,상계8동,1245.735,7118.9975,0.175,0.3919,68.004,19.6456,0.4385,False,False,16.7036,2.1822
11350710,노원구,상계9동,752.92,5328.4025,0.1413,0.4044,75.2245,28.657,0.4113,False,False,22.8662,2.9777
11350720,노원구,상계10동,947.8625,5853.9875,0.1619,0.5747,118.3736,26.5737,0.3558,False,False,19.119,2.5814
11350665,노원구,상계3·4동,1858.275,9188.8,0.2022,0.7054,7.2635,4.3235,0.8381,True,False,27.6503,9.7645
11350695,노원구,상계6·7동,4869.4225,24061.5275,0.2024,0.4935,86.3181,20.3514,0.4232,False,False,20.1112,3.4351
11350625,노원구,중계2·3동,1961.7675,12465.5,0.1574,0.2081,109.9341,32.7688,0.1442,False,False,27.6794,15.0914
11350595,노원구,공릉1동,3371.1325,16871.125,0.1998,0.2702,101.8545,37.2638,0.1998,False,False,22.9278,7.4657
11380510,은평구,녹번동,2158.0975,13846.0925,0.1559,0.4911,74.2224,14.1127,0.4799,False,False,24.4677,5.5782
11380520,은평구,불광1동,1419.465,9394.545,0.1511,0.2818,30.8035,10.7663,0.5236,False,False,24.8879,5.9875
11380551,은평구,갈현1동,1104.8275,7642.58,0.1446,0.9144,69.2764,35.6879,0.7009,True,False,25.5994,8.0187
11380552,은평구,갈현2동,1310.79,8077.5575,0.1623,0.732,90.2642,30.4048,0.5307,False,False,23.5885,6.967
11380560,은평구,구산동,2080.8225,11254.985,0.1849,0.7425,67.341,24.4203,0.6525,False,False,24.8879,6.1181
11380570,은평구,대조동,6062.7075,22871.93,0.2651,0.5078,136.7417,32.1745,0.2778,False,False,22.6096,6.7788
11380580,은평구,응암1동,2316.965,13841.8575,0.1674,0.9389,109.5832,19.8458,0.5284,False,False,19.9123,4.4497
11380590,은평구,응암2동,1196.0475,7826.37,0.1528,0.8091,126.001,44.2344,0.4468,False,False,17.7526,4.2727
11380631,은평구,신사1동,1057.6975,7645.825,0.1383,0.3836,112.1386,32.5564,0.24,False,False,24.7792,4.8605
11380632,은평구,신사2동,921.225,6471.3025,0.1424,0.6984,59.628,30.7757,0.6572,False,False,24.2837,5.7612
11380640,은평구,증산동,760.0875,4222.195,0.18,0.4551,111.0312,16.3281,0.305,False,False,22.7939,4.3197
11380650,은평구,수색동,2061.0375,7216.7175,0.2856,0.5904,137.0062,16.6866,0.3262,False,False,17.8727,3.841
11380690,은평구,진관동,6808.7675,22520.315,0.3023,1.8775,27.1237,5.5022,0.9598,True,True,19.6341,3.4593
11380530,은평구,불광2동,1246.4875,8143.59,0.1531,0.6951,70.2957,18.6957,0.617,False,False,28.105,9.9284
11380600,은평구,응암3동,2196.1225,13008.35,0.1688,0.3212,135.1788,34.1361,0.1418,False,False,28.881,9.3187
11380625,은평구,역촌동,2511.165,15781.8,0.1591,0.6438,89.3271,40.5195,0.4988,False,False,24.0056,6.2592
11410520,서대문구,천연동,1021.1675,7022.12,0.1454,0.2985,138.9356,43.6975,0.117,False,False,22.5225,4.6904
11410620,서대문구,홍제1동,1952.1,12653.1125,0.1543,0.3689,104.5481,15.3936,0.253,False,False,23.2396,3.5084
11410640,서대문구,홍제3동,1360.1425,8598.81,0.1582,0.7551,76.6742,33.9696,0.6076,False,False,25.7271,5.0125
11410655,서대문구,홍제2동,545.8925,4376.7025,0.1247,0.3414,63.239,11.2425,0.4149,False,False,25.2055,5.2953
11410660,서대문구,홍은1동,1344.315,7632.285,0.1761,1.0085,56.8197,23.8901,0.7778,True,False,24.3633,3.5417
11410685,서대문구,홍은2동,2089.0025,12103.9375,0.1726,1.2029,99.7338,33.7335,0.6076,False,False,22.8787,5.0763
11410690,서대문구,남가좌1동,1341.6775,6476.955,0.2071,0.3091,179.1818,31.3568,0.0898,False,False,15.4252,2.1664
11410700,서대문구,남가좌2동,1969.28,11949.0275,0.1648,1.1444,139.2806,38.2097,0.4929,False,False,19.6945,5.1526
11410710,서대문구,북가좌1동,1133.2025,5908.7525,0.1918,0.887,156.8305,18.9575,0.4267,False,False,20.6318,3.5332
11410720,서대문구,북가좌2동,1863.31,12105.2,0.1539,0.5026,118.3518,40.29,0.3121,False,False,25.724,5.9478
11410565,서대문구,충현동,8264.46,32431.8725,0.2548,0.5144,126.8634,37.8828,0.2979,False,False,20.4901,4.053
11410555,서대문구,북아현동,683.0875,5218.4525,0.1309,0.2453,90.0964,29.2813,0.2281,False,False,17.1597,3.9533
11410585,서대문구,신촌동,4911.9375,36251.7,0.1355,0.6597,116.6719,18.7299,0.4113,False,False,11.1864,1.9709
11410615,서대문구,연희동,4233.5575,24037.07,0.1761,1.6286,111.9886,20.2005,0.5934,False,False,20.106,3.0215
11440590,마포구,용강동,2356.775,11600.7575,0.2032,0.3572,68.4296,24.5314,0.4078,False,False,16.121,2.1828
11440600,마포구,대흥동,2468.63,16875.305,0.1463,0.38,182.1349,38.3442,0.1371,False,False,14.8935,3.3753
11440610,마포구,염리동,2560.2075,12502.695,0.2048,0.6383,77.9276,22.265,0.5496,False,False,13.9367,2.7061
11440630,마포구,신수동,1780.435,9099.6825,0.1957,0.4015,42.7391,29.3068,0.5662,False,False,17.6224,2.1043
11440660,마포구,서교동,7255.09,44628.585,0.1626,0.3812,190.9045,45.5982,0.1383,False,False,15.4421,2.1164
11440680,마포구,합정동,2498.9125,12039.8525,0.2076,0.3776,61.8898,17.4253,0.4421,False,False,18.4579,3.0493
11440690,마포구,망원1동,2182.12,10663.105,0.2046,1.0856,39.5222,21.1398,0.8723,True,False,20.9097,4.0085
11440700,마포구,망원2동,1592.4025,7166.3175,0.2222,0.5271,94.9319,56.0254,0.4043,False,False,20.6599,3.0653
11440710,마포구,연남동,1648.78,9271.5775,0.1778,0.6563,55.698,32.4905,0.6655,True,False,18.575,2.8282
11440720,마포구,성산1동,1749.885,8635.9175,0.2026,0.6757,113.6064,30.1405,0.4267,False,False,18.9071,3.2131
11440730,마포구,성산2동,3748.8125,17205.54,0.2179,0.4903,84.6871,20.4065,0.4267,False,False,18.9748,6.3495
11440740,마포구,상암동,6319.275,20162.9575,0.3134,1.8158,55.6361,11.5229,0.8428,True,True,17.2449,5.4105
11440585,마포구,도화동,2026.37,11059.1075,0.1832,0.3575,99.4181,51.366,0.2671,False,False,20.6699,2.8793
11440655,마포구,서강동,2471.6125,13269.4775,0.1863,0.2844,67.4345,42.4837,0.3641,False,False,16.2456,1.5773
11440565,마포구,공덕동,2489.035,17392.0425,0.1431,0.5314,115.0467,38.3489,0.3416,False,False,19.3176,3.5628
11440555,마포구,아현동,1909.2675,13528.845,0.1411,0.5337,165.7589,24.6583,0.2648,False,False,14.4823,2.3594
11470510,양천구,목1동,6731.3525,24447.345,0.2753,0.2863,87.1006,16.0111,0.266,False,False,13.8629,1.3558
11470520,양천구,목2동,2443.71,9253.0175,0.2641,0.5089,43.7144,15.205,0.6371,False,False,19.4043,4.3201
11470530,양천구,목3동,1503.425,5456.4425,0.2755,0.6279,106.0341,18.0058,0.4255,False,False,21.7011,5.8576
11470540,양천구,목4동,2399.12,9448.1925,0.2539,0.8096,114.1676,23.1903,0.4775,False,False,17.1301,4.8584
11470560,양천구,신월1동,1589.49,6402.5275,0.2483,1.1449,49.4204,14.3479,0.8286,True,True,29.1545,10.9031
11470570,양천구,신월2동,1283.4025,4723.925,0.2717,0.7279,109.3159,16.3158,0.4622,False,False,24.9497,4.4592
11470580,양천구,신월3동,923.4125,3907.935,0.2363,1.5193,35.6295,12.9562,0.9161,True,False,27.7056,12.0181
11470590,양천구,신월4동,774.2275,3058.4675,0.2531,1.1238,103.585,17.6315,0.5816,False,False,25.092,3.1863
11470600,양천구,신월5동,1064.7775,4477.015,0.2378,0.9851,81.4431,20.3608,0.6489,False,False,23.1628,6.2978
11470610,양천구,신월6동,1701.505,5162.945,0.3296,0.9569,114.3036,29.6343,0.5189,False,False,18.005,2.91
11470611,양천구,신월7동,1676.485,5939.9475,0.2822,1.6162,57.2142,15.5296,0.8262,True,True,29.3788,6.8859
11470620,양천구,신정1동,1888.0725,7627.0675,0.2475,0.6769,121.9073,36.5722,0.4031,False,False,17.1182,1.4993
11470630,양천구,신정2동,2783.1275,10457.1675,0.2661,0.623,54.0727,21.6291,0.6548,False,False,17.94,4.1156
11470640,양천구,신정3동,4131.25,16510.9725,0.2502,1.3783,89.7924,19.7968,0.656,False,False,20.6791,6.139
11470670,양천구,신정6동,1476.0475,6335.8075,0.233,0.4574,86.5146,23.7915,0.4019,False,False,15.6636,0.2266
11470680,양천구,신정7동,3151.0025,12717.0925,0.2478,0.1808,63.963,22.7814,0.3381,False,False,22.7838,7.0862
11470550,양천구,목5동,6178.19,22455.27,0.2751,0.8347,66.0544,15.5422,0.6962,True,True,14.9576,0.1512
11470650,양천구,신정4동,4406.8875,18999.175,0.232,0.1703,111.654,17.1002,0.1288,False,False,23.7496,6.6933
11500510,강서구,염창동,4773.53,15726.4675,0.3035,0.8122,72.7874,22.0749,0.6537,False,False,14.1561,0.6538
11500520,강서구,등촌1동,3364.0175,11534.8425,0.2916,0.342,127.6937,24.3226,0.1655,False,False,15.0085,1.2396
11500530,강서구,등촌2동,2599.5775,8159.1375,0.3186,0.9004,54.827,7.8324,0.7612,True,True,21.5239,3.0552
11500535,강서구,등촌3동,5812.35,19778.1975,0.2939,0.6792,116.2357,44.1888,0.4232,False,False,29.5467,19.1251
11500590,강서구,화곡본동,1808.525,10971.2275,0.1648,0.7683,72.4319,25.5042,0.6418,False,False,19.9229,7.5145
11500550,강서구,화곡2동,822.0325,3885.7325,0.2116,0.6992,114.0323,59.2091,0.4326,False,False,21.3664,6.7962
11500560,강서구,화곡3동,2421.4275,10634.3575,0.2277,0.5757,80.5307,17.2566,0.4965,False,False,25.318,3.7769
11500570,강서구,화곡4동,1670.0,6910.5,0.2417,1.1281,56.1863,36.287,0.7979,True,False,25.5072,7.3307
11500591,강서구,화곡6동,4292.445,15279.1725,0.2809,1.1233,81.0539,26.3896,0.6726,True,True,20.1132,4.6275
11500593,강서구,화곡8동,6297.4975,18766.08,0.3356,0.3188,78.343,41.7829,0.3239,False,False,24.2963,6.119
11500603,강서구,가양1동,8954.5375,29831.315,0.3002,0.5782,44.0736,11.0697,0.6785,True,True,12.7966,1.1549
11500604,강서구,가양2동,1358.7525,5626.675,0.2415,0.5391,61.5298,18.602,0.5686,False,False,39.3127,27.0864
11500605,강서구,가양3동,1150.5675,4449.1525,0.2586,0.5024,108.2126,23.3073,0.344,False,False,31.5959,16.3725
11500611,강서구,발산1동,6106.565,25128.4,0.243,0.9942,54.5067,21.6672,0.7861,True,False,18.0916,5.8492
11500620,강서구,공항동,7506.695,23034.4,0.3259,1.058,13.0998,5.4048,0.9326,True,True,17.6048,6.8514
11500630,강서구,방화1동,4241.6,15734.6825,0.2696,0.1519,86.588,29.7646,0.2139,False,False,21.2629,3.5055
11500640,강서구,방화2동,4289.27,12776.915,0.3357,0.6203,23.9558,5.3415,0.7648,True,True,26.6362,8.7057
11500641,강서구,방화3동,2292.505,6995.565,0.3277,1.0092,31.7503,6.6637,0.8889,True,True,30.1757,10.985
11500540,강서구,화곡1동,3358.105,16305.06,0.206,0.6479,103.341,24.3649,0.448,False,False,21.4264,4.879
11500615,강서구,우장산동,3102.5125,14347.2725,0.2162,0.4432,78.8386,22.5253,0.4196,False,False,17.4105,1.6528
11530510,구로구,신도림동,5158.57,18779.0425,0.2747,0.4486,82.2844,24.7581,0.4102,False,False,16.4028,0.6137
11530520,구로구,구로1동,1736.6325,5902.97,0.2942,0.5502,44.4222,22.2111,0.6584,True,True,17.8741,0.68
11530540,구로구,구로3동,3857.465,21293.4425,0.1812,0.6261,78.818,43.2538,0.5343,False,False,18.2159,2.6262
11530550,구로구,구로4동,1021.0275,5914.2575,0.1726,0.5161,149.4623,36.8803,0.2648,False,False,29.7443,6.2176
11530560,구로구,구로5동,5184.2475,20034.2375,0.2588,0.4842,98.9442,31.3486,0.3629,False,False,20.5822,2.2686
11530720,구로구,고척1동,5152.3575,17552.795,0.2935,0.7034,74.3271,27.4303,0.5969,False,False,20.681,2.7834
11530730,구로구,고척2동,1439.6875,5876.1775,0.245,1.2632,55.2894,34.1789,0.8168,True,True,26.245,6.0948
11530750,구로구,개봉2동,1706.9325,6665.075,0.2561,0.3972,71.2901,30.7285,0.4326,False,False,27.191,3.0947
11530760,구로구,개봉3동,925.7975,4165.185,0.2223,0.8152,37.8051,24.8096,0.8144,True,False,28.3378,4.3389
11530770,구로구,오류1동,1278.9,5883.8425,0.2174,0.3388,83.1733,18.7811,0.3168,False,False,21.0533,5.6493
11530800,구로구,항동,555.955,1985.7925,0.28,1.2504,44.7427,21.6723,0.8617,True,True,14.825,5.1612
11530790,구로구,수궁동,989.8,5040.185,0.1964,0.7652,65.2981,15.4753,0.669,True,False,26.2922,6.1788
11530595,구로구,가리봉동,772.845,3848.985,0.2008,0.3382,152.2605,24.5582,0.1194,False,False,25.1948,8.6279
11530530,구로구,구로2동,3058.875,13307.525,0.2299,0.7183,89.7282,21.6012,0.5296,False,False,29.9062,5.8454
11530740,구로구,개봉1동,2328.5525,9670.3575,0.2408,0.7045,108.5229,41.808,0.4563,False,False,24.3665,5.538
11545510,금천구,가산동,8274.315,29668.265,0.2789,0.6544,94.7251,45.5753,0.4799,False,False,13.5046,3.6542
11545610,금천구,독산1동,4729.2375,18542.17,0.2551,0.3486,69.4339,34.2064,0.3983,False,False,15.8782,4.3047
11545620,금천구,독산2동,935.3825,4145.5175,0.2256,1.0055,139.9736,16.276,0.4704,False,False,26.0444,9.0877
11545630,금천구,독산3동,1401.93,6974.5,0.201,1.0593,112.361,22.2602,0.5461,False,False,26.1826,6.242
11545640,금천구,독산4동,1330.1125,6013.0925,0.2212,1.3367,134.338,25.8965,0.5236,False,False,26.446,7.6566
11545670,금천구,시흥1동,2400.6525,9886.8975,0.2428,0.6406,103.23,25.8075,0.4433,False,False,24.5639,6.3025
11545680,금천구,시흥2동,1476.555,6400.285,0.2307,2.3485,29.7483,18.699,0.9551,True,False,26.1406,6.6988
11545690,금천구,시흥3동,1049.21,3023.8575,0.347,0.7365,33.7946,10.5139,0.7943,True,True,29.1095,4.5638
11545700,금천구,시흥4동,898.95,5059.2975,0.1777,1.4379,59.8194,28.6093,0.8002,True,False,29.0478,9.0665
11545710,금천구,시흥5동,1082.085,4658.8725,0.2323,1.4803,73.1122,25.3081,0.747,True,False,30.0842,12.1506
11560540,영등포구,여의동,14959.805,63871.935,0.2342,0.2586,39.4283,6.9579,0.4835,False,False,20.9918,0.3943
11560550,영등포구,당산1동,3435.805,13800.89,0.249,0.1725,99.7408,24.2613,0.1702,False,False,18.3249,3.0201
11560560,영등포구,당산2동,4801.8975,19660.245,0.2442,0.016,118.2794,25.7396,0.0887,False,False,15.1556,0.8365
11560610,영등포구,양평1동,4764.01,15119.9575,0.3151,0.0413,73.006,25.4941,0.2707,False,False,14.4605,1.7941
11560620,영등포구,양평2동,4045.9475,13934.2525,0.2904,0.5642,55.3894,10.0393,0.6147,False,False,14.3966,1.325
11560630,영등포구,신길1동,1837.505,8767.97,0.2096,0.4795,80.2506,29.631,0.435,False,False,21.5697,6.1107
11560650,영등포구,신길3동,1013.935,4458.625,0.2274,0.8174,125.1876,45.9021,0.4563,False,False,23.7377,5.3048
11560660,영등포구,신길4동,658.8925,3342.585,0.1971,0.8128,135.6008,41.7233,0.435,False,False,23.8326,7.081
11560670,영등포구,신길5동,851.2175,3539.345,0.2405,0.3861,126.4999,37.7612,0.2092,False,False,25.05,6.4968
11560680,영등포구,신길6동,1880.04,9283.9725,0.2025,0.4209,123.8687,38.3403,0.2447,False,False,21.4544,3.4185
11560690,영등포구,신길7동,1487.2075,7040.6525,0.2112,0.1741,151.8028,47.5527,0.0496,False,False,16.2194,1.7889
11560700,영등포구,대림1동,1633.5925,6900.15,0.2367,0.7034,70.7605,27.0555,0.6206,False,False,28.0676,4.5806
11560710,영등포구,대림2동,673.6325,3678.7175,0.1831,0.3967,91.7923,24.247,0.3215,False,False,27.3545,5.1322
11560720,영등포구,대림3동,2497.9375,9959.5225,0.2508,0.7882,83.4019,42.7702,0.5875,False,False,26.7147,4.6546
11560515,영등포구,영등포본동,2263.01,10928.01,0.2071,0.3016,60.7631,19.841,0.396,False,False,24.312,5.5531
11560535,영등포구,영등포동,7647.5075,36108.1775,0.2118,0.2579,149.3532,30.4369,0.0827,False,False,12.4852,5.0838
11560585,영등포구,도림동,1557.0075,6614.7625,0.2354,0.7889,91.1508,41.9294,0.5485,False,False,22.0886,5.4609
11560605,영등포구,문래동,7275.85,25857.2675,0.2814,0.3344,81.0779,25.3009,0.3168,False,False,17.0677,0.9019
11590520,동작구,노량진2동,1821.8075,7557.62,0.2411,0.348,172.9747,20.0774,0.1217,False,False,24.2548,8.7984
11590530,동작구,상도1동,3097.27,16734.5975,0.1851,0.4362,128.8859,30.8206,0.2423,False,False,19.4755,3.0045
11590540,동작구,상도2동,2344.225,12345.935,0.1899,0.2345,131.5961,47.7358,0.1005,False,False,19.0111,2.1635
11590550,동작구,상도3동,1073.645,7299.305,0.1471,0.4251,93.809,47.649,0.3369,False,False,23.2266,4.9805
11590560,동작구,상도4동,1731.96,8826.1375,0.1962,0.8044,71.4199,40.3678,0.6584,True,False,21.9534,5.477
11590620,동작구,사당1동,1658.8675,10673.0275,0.1554,0.4492,101.4236,17.4322,0.3322,False,False,19.8552,3.7466
11590640,동작구,사당3동,1110.8275,6106.935,0.1819,0.5206,87.4391,29.1464,0.4303,False,False,23.2485,2.687
11590650,동작구,사당4동,817.345,4107.65,0.199,0.4117,46.9365,11.7341,0.5485,False,False,23.9206,4.3841
11590651,동작구,사당5동,826.37,4831.9225,0.171,0.6131,92.4238,34.8483,0.461,False,False,20.2333,3.2866
11590660,동작구,대방동,2740.3225,15296.9825,0.1791,0.571,121.8441,31.5658,0.3475,False,False,18.5382,4.4822
11590670,동작구,신대방1동,1856.075,10326.79,0.1797,0.4673,70.3514,21.9848,0.4917,False,False,20.6405,3.0182
11590680,동작구,신대방2동,2498.3825,16260.78,0.1536,0.2791,64.0402,26.1983,0.3759,False,False,18.1392,2.7284
11590605,동작구,흑석동,3398.17,14143.8275,0.2403,0.3621,86.5673,30.7924,0.3191,False,False,19.545,2.111
11590510,동작구,노량진1동,2501.1625,13190.6475,0.1896,0.2332,126.8476,30.7882,0.1064,False,False,20.3853,4.0472
11590630,동작구,사당2동,2789.79,13939.495,0.2001,0.928,45.2683,9.4917,0.8085,True,False,23.7624,2.6817
11620525,관악구,보라매동,1253.2,8412.3825,0.149,0.3927,81.5556,31.5699,0.3664,False,False,22.9949,5.4692
11620545,관악구,청림동,399.785,2768.6425,0.1444,0.9074,60.1787,31.673,0.7305,True,False,22.2466,4.6273
11620575,관악구,행운동,965.3275,6998.7875,0.1379,0.5587,102.5157,18.0095,0.3995,False,False,17.6827,4.0771
11620585,관악구,낙성대동,2542.07,13816.1175,0.184,1.0491,50.9509,15.4137,0.8061,True,False,12.7685,2.7792
11620615,관악구,중앙동,825.605,5530.335,0.1493,0.3384,150.3917,31.6614,0.1265,False,False,17.8913,4.4431
11620625,관악구,인헌동,1194.41,8342.0475,0.1432,0.5854,48.2816,34.0811,0.6548,False,False,19.0501,3.2478
11620630,관악구,남현동,1270.885,7517.8575,0.169,0.9577,11.3649,2.3677,0.9173,True,False,19.9219,2.1682
11620645,관악구,서원동,1591.025,13081.22,0.1216,0.2198,136.6392,25.4212,0.0851,False,False,17.068,4.6892
11620655,관악구,신원동,496.17,4130.4975,0.1201,0.5448,34.7763,24.3434,0.6915,True,False,21.4132,6.7627
11620665,관악구,서림동,788.7775,6374.43,0.1237,0.4395,118.3371,27.612,0.2719,False,False,18.1571,5.8756
11620685,관악구,신사동,1075.8325,7270.765,0.148,0.5549,104.2574,28.133,0.3901,False,False,18.6155,5.7491
11620695,관악구,신림동,1924.9075,13224.1875,0.1456,0.2266,152.0802,33.5762,0.0615,False,False,9.4676,4.0836
11620715,관악구,난향동,770.1575,4726.55,0.1629,1.8008,75.1879,18.797,0.7494,True,False,23.2791,5.1101
11620725,관악구,조원동,3804.65,13557.315,0.2806,0.6232,143.834,40.2117,0.3333,False,False,17.8704,4.3898
11620735,관악구,대학동,3228.1425,18183.815,0.1775,1.7981,22.3174,5.6679,0.9681,True,False,14.6196,7.0964
11620605,관악구,은천동,1566.345,11234.79,0.1394,0.5458,141.9204,53.2201,0.2908,False,False,21.9186,5.7537
11620565,관악구,성현동,1090.025,8299.5625,0.1313,0.702,84.7102,40.8946,0.5437,False,False,21.9573,5.9154
11620595,관악구,청룡동,2328.8825,17247.695,0.135,0.6459,69.1601,14.82,0.6052,False,False,15.0277,3.4332
11620775,관악구,난곡동,858.45,6525.6,0.1316,1.1888,75.097,22.7267,0.7139,True,False,26.8944,9.9164
11620745,관악구,삼성동,980.11,7432.6025,0.1319,1.196,44.9285,11.6194,0.857,True,False,32.1011,8.9256
11620765,관악구,미성동,2416.4575,12554.5875,0.1925,1.4705,97.2005,26.1694,0.6359,False,False,25.3295,5.7202
11650510,서초구,서초1동,2562.0975,15546.46,0.1648,0.3843,58.469,24.8493,0.4704,False,False,18.2041,1.9267
11650520,서초구,서초2동,3521.065,21958.1525,0.1604,0.7188,124.2186,35.723,0.4184,False,False,13.9417,0.8296
11650530,서초구,서초3동,6598.8075,36497.6775,0.1808,0.677,66.9357,24.976,0.6277,False,False,18.0955,1.3577
11650531,서초구,서초4동,3336.9525,22414.5075,0.1489,0.6805,112.0991,42.3231,0.435,False,False,16.4241,0.2904
11650540,서초구,잠원동,3583.4525,17769.87,0.2017,0.5505,55.0762,11.4515,0.6099,False,False,15.222,0.8659
11650550,서초구,반포본동,870.1375,3566.27,0.244,0.53,35.4403,3.8314,0.6809,True,True,19.6078,
11650560,서초구,반포1동,2708.0425,15361.7925,0.1763,0.2007,100.259,22.8313,0.1738,False,False,13.8681,1.5809
11650570,서초구,반포2동,2930.1375,13913.9375,0.2106,0.4386,73.3811,13.4954,0.4468,False,False,15.2037,0.0754
11650580,서초구,반포3동,2709.8475,13389.9725,0.2024,0.7677,19.9052,9.187,0.844,True,False,15.7888,0.1824
11650581,서초구,반포4동,5105.665,30791.0175,0.1658,0.6366,72.8543,25.4303,0.5757,False,False,18.6654,0.7495
11650590,서초구,방배본동,1916.475,9020.8225,0.2125,0.7048,89.6657,31.9149,0.526,False,False,18.3332,1.7859
11650600,서초구,방배1동,1547.4575,8754.8275,0.1768,0.334,74.6876,31.5986,0.3511,False,False,21.1662,2.2748
11650610,서초구,방배2동,1996.455,10371.155,0.1925,0.6025,49.2459,18.1432,0.6655,True,False,23.3412,2.7738
11650620,서초구,방배3동,1593.7575,8147.5425,0.1956,0.8586,44.4799,18.2908,0.8002,True,False,21.8839,0.7091
11650621,서초구,방배4동,2325.4825,11371.39,0.2045,0.3001,85.1856,28.7502,0.2813,False,False,16.9836,1.3913
11650651,서초구,양재1동,9207.4675,28941.205,0.3181,1.6358,47.705,12.931,0.8688,True,True,21.6122,6.2882
11650652,서초구,양재2동,7452.2975,21711.845,0.3432,1.3592,21.1852,7.1517,0.9492,True,True,17.777,4.1687
11650660,서초구,내곡동,4658.9475,9492.375,0.4908,1.4361,11.8331,4.4279,0.9681,True,True,23.7457,5.1017
11680510,강남구,신사동,4526.42,19767.6325,0.229,0.6357,49.4788,8.0547,0.6773,True,False,21.8785,1.4764
11680521,강남구,논현1동,4621.36,22304.96,0.2072,0.4542,71.5817,13.6729,0.474,False,False,16.0814,4.449
11680531,강남구,논현2동,5124.0,23710.3275,0.2161,0.4126,57.743,18.0882,0.5012,False,False,17.1621,2.8429
11680580,강남구,삼성1동,5707.1025,33416.16,0.1708,0.2859,78.0942,15.0982,0.3085,False,False,21.2673,1.0665
11680590,강남구,삼성2동,2984.07,18726.855,0.1593,0.4351,66.1007,16.7243,0.4787,False,False,14.5206,1.7931
11680600,강남구,대치1동,3458.1025,17682.08,0.1956,0.4052,137.7518,21.0971,0.2033,False,False,13.0078,0.0723
11680630,강남구,대치4동,4655.61,24888.865,0.1871,0.6002,102.6403,19.9578,0.4196,False,False,13.1036,3.4299
11680640,강남구,역삼1동,9341.085,52445.2575,0.1781,0.3938,91.0583,19.9058,0.3262,False,False,12.4226,3.6461
11680650,강남구,역삼2동,4313.9825,23549.4875,0.1832,0.739,99.944,23.2013,0.5,False,False,11.6521,1.4607
11680655,강남구,도곡1동,5085.655,20600.3275,0.2469,0.6211,84.3496,17.8623,0.5071,False,False,17.1354,0.6694
11680656,강남구,도곡2동,3281.08,15666.8175,0.2094,0.412,90.3962,21.3841,0.3428,False,False,18.4274,0.3016
11680660,강남구,개포1동,2399.0825,10805.74,0.222,0.7355,52.4049,9.214,0.7128,True,False,17.478,0.5438
11680690,강남구,개포4동,2625.7775,10052.3925,0.2612,1.1926,60.1552,17.73,0.7801,True,True,18.466,3.3436
11680720,강남구,일원본동,3796.575,12163.23,0.3121,0.1144,45.0482,11.9853,0.4078,False,False,18.0752,0.5439
11680730,강남구,일원1동,1926.3025,5932.86,0.3247,0.9131,24.369,15.8928,0.8783,True,True,27.7156,12.6077
11680675,강남구,개포3동,1940.875,7412.255,0.2618,0.2391,33.9345,11.6347,0.4846,False,False,24.4157,9.1145
11680750,강남구,수서동,5925.9175,18617.9875,0.3183,0.1006,49.3853,11.1117,0.3842,False,False,41.1625,25.8659
11680700,강남구,세곡동,5803.075,13921.2975,0.4168,1.6075,40.1962,11.1939,0.909,True,True,18.3436,6.3146
11680545,강남구,압구정동,7581.855,29351.255,0.2583,0.5287,51.001,8.5716,0.6087,False,False,22.2738,0.4719
11680565,강남구,청담동,7432.0025,30425.55,0.2443,0.7459,51.4619,10.5455,0.7199,True,True,18.7215,0.9148
11680610,강남구,대치2동,5506.84,28378.685,0.194,0.428,77.3458,15.08,0.4196,False,False,16.6113,0.4526
11680670,강남구,개포2동,4248.315,16529.7275,0.257,0.3629,79.6234,22.1176,0.3487,False,False,14.5754,0.6469
11710510,송파구,풍납1동,1132.95,4856.34,0.2333,0.8205,21.7844,7.5772,0.8652,True,False,28.8977,5.3039
11710520,송파구,풍납2동,3824.7125,17585.955,0.2175,0.9297,26.6487,12.0674,0.8806,True,False,20.4627,2.383
11710531,송파구,거여1동,1393.0975,5353.2925,0.2602,0.2634,53.4642,13.8611,0.4149,False,False,26.2447,6.0493
11710532,송파구,거여2동,1483.18,6457.625,0.2297,0.3062,57.4607,19.814,0.4173,False,False,23.2123,4.405
11710540,송파구,마천1동,1078.92,3706.22,0.2911,0.2701,84.9002,23.1546,0.2683,False,False,28.8879,11.5127
11710550,송파구,마천2동,1285.04,5399.32,0.238,0.6398,60.6858,14.6483,0.6288,False,False,30.4809,9.5238
11710561,송파구,방이1동,3425.7575,13229.4125,0.259,0.3487,49.6456,17.1192,0.4835,False,False,19.2026,2.3868
11710562,송파구,방이2동,4773.03,21623.635,0.2207,0.3546,67.8992,16.9748,0.4078,False,False,16.4252,3.7907
11710566,송파구,오륜동,4244.6075,14409.4525,0.2946,0.3302,22.994,7.0259,0.565,False,False,20.8532,0.0748
11710570,송파구,오금동,4813.485,18352.85,0.2623,0.5687,65.3367,25.4408,0.5721,False,False,22.3511,5.1502
11710580,송파구,송파1동,2686.7,14428.695,0.1862,0.3821,116.5278,21.5792,0.2281,False,False,18.1269,2.7059
11710590,송파구,송파2동,1386.2775,7201.675,0.1925,0.5902,41.8172,18.3996,0.6939,True,False,18.4321,1.72
11710600,송파구,석촌동,3231.98,16211.92,0.1994,0.4353,77.4006,19.3501,0.4243,False,False,18.509,4.141
11710610,송파구,삼전동,2681.8775,12149.1625,0.2207,0.5037,47.5649,14.1683,0.6087,False,False,17.2511,5.2598
11710620,송파구,가락본동,8951.015,24706.8875,0.3623,0.4378,76.3969,26.7389,0.4338,False,False,19.9103,2.711
11710631,송파구,가락1동,4503.8625,15757.7175,0.2858,0.6622,46.9005,9.5267,0.7104,True,True,16.9926,0.6173
11710632,송파구,가락2동,2506.0225,11251.745,0.2227,0.3858,54.2931,24.4851,0.4976,False,False,17.6673,2.0858
11710641,송파구,문정1동,2111.8325,8036.2225,0.2628,0.4085,87.0757,27.0235,0.3558,False,False,19.9735,2.4017
11710642,송파구,문정2동,8840.79,27625.455,0.32,0.5373,41.2609,14.0372,0.669,True,True,16.6982,0.3573
11710650,송파구,잠실본동,3848.435,19780.445,0.1946,0.4099,58.8996,11.4283,0.4929,False,False,16.9805,4.1486
11710690,송파구,잠실4동,2143.4075,10908.6675,0.1965,0.4872,52.4805,15.5056,0.5745,False,False,16.3359,0.086
11710710,송파구,잠실6동,6129.7425,31538.3675,0.1944,0.4157,56.6136,10.7494,0.513,False,False,20.8468,0.2242
11710720,송파구,잠실7동,944.28,4656.195,0.2028,0.524,44.1836,5.8912,0.643,False,False,26.7269,0.1291
11710670,송파구,잠실2동,3672.6825,17511.4725,0.2097,0.816,27.1688,3.8315,0.8487,True,False,12.7568,0.0842
11710680,송파구,잠실3동,4353.125,22208.7425,0.196,0.8796,80.0785,18.5306,0.6312,False,False,20.6367,0.1649
11710646,송파구,장지동,2486.1375,10205.435,0.2436,0.846,124.7742,33.6562,0.4669,False,False,19.5249,5.8946
11710647,송파구,위례동,3494.9725,10385.7375,0.3365,1.44,72.6637,21.9145,0.7506,True,True,10.484,2.8779
11740530,강동구,명일1동,1573.5,9964.5775,0.1579,0.3816,91.9202,29.0274,0.305,False,False,20.6905,1.8213
11740540,강동구,명일2동,1890.4325,9040.9725,0.2091,0.7098,52.3608,14.9602,0.7045,True,False,19.5489,1.0771
11740550,강동구,고덕1동,1620.955,6519.7975,0.2486,0.8215,40.0414,21.6618,0.8144,True,True,15.1337,1.8176
11740560,강동구,고덕2동,1909.5375,7685.76,0.2485,0.9983,57.4915,15.5706,0.7695,True,True,15.6288,2.3113
11740580,강동구,암사2동,1232.415,5465.4175,0.2255,0.9877,6.1513,2.8706,0.9279,True,False,20.2736,1.2507
11740590,강동구,암사3동,1094.86,5217.03,0.2099,0.734,17.2737,8.3582,0.8357,True,False,19.7967,0.7134
11740600,강동구,천호1동,1206.495,7283.3675,0.1657,0.3802,57.0048,33.6182,0.4728,False,False,26.3979,7.838
11740620,강동구,천호3동,1948.4275,10678.1925,0.1825,0.3856,35.3281,20.4531,0.578,False,False,21.3408,5.786
11740640,강동구,성내1동,2646.2825,11548.7075,0.2291,0.4603,77.2455,31.807,0.4504,False,False,20.3143,2.1716
11740650,강동구,성내2동,2271.485,12467.8875,0.1822,0.4569,59.1689,28.7849,0.5284,False,False,22.3985,4.8506
11740660,강동구,성내3동,3992.38,15589.4925,0.2561,0.3435,46.8201,23.4101,0.4965,False,False,22.4345,3.9877
11740690,강동구,둔촌1동,3255.97,12861.61,0.2532,0.404,22.3654,15.6558,0.63,False,False,15.2825,0.0425
11740700,강동구,둔촌2동,2538.32,9808.9625,0.2588,0.4405,42.1178,20.7446,0.5993,False,False,21.5024,2.5278
11740570,강동구,암사1동,5797.4025,16625.7125,0.3487,0.5989,35.6686,17.8343,0.7175,True,True,23.7924,7.0303
11740610,강동구,천호2동,3922.875,19406.4,0.2021,0.7238,32.3252,14.245,0.7931,True,False,21.4331,6.1551
11740685,강동구,길동,7352.505,29873.965,0.2461,0.6073,45.6804,21.2758,0.6856,True,True,22.3913,4.0064
11530780,구로구,오류2동,2021.79,8810.38,0.2295,0.2381,43.3119,19.2135,0.4539,False,False,24.5251,6.6882
11740515,강동구,강일동,2271.8575,8862.5725,0.2563,1.2864,100.713,20.6004,0.6076,False,False,21.1466,7.4599
