code,area_km2,bike_st,bus_st,sub_st,sub_dist_km,slope_pct,gu,nm,pop,elder_pct,recip_pct,pop_density,bike_density,bus_density,car15,all15,car15_pkm,car_share15,gap,vuln,forced,peak_share,midday_share,cluster
11110550,2.199516414237728,5,33,0,1.980654356461076,10.5,종로구,부암동,8868.0,23.17320703653586,1.6576454668470906,4031.795326734729,2.273226954631669,15.003297900569017,1639.4824999999987,6179.612499999956,5048.338252500007,0.2653050656493446,False,0.586404086626354,True,0.2308609576497466,0.42652330842201747,0
11110560,9.008912053632937,7,55,0,3.1935052741565886,16.4,종로구,평창동,16938.0,24.436179005785807,0.991852639036486,1880.138234135561,0.7770083622003147,6.105065703002472,2645.7099999999978,7821.299999999962,8676.857850000002,0.3382698528377649,False,0.6005419052207396,True,0.21280204557566765,0.41667737582728226,0
11170630,2.886763898586512,9,24,1,0.8662641086767316,1.2,용산구,이촌1동,24926.0,19.345261975447325,0.3289737623365161,8634.582139607912,3.117677896833475,8.313807724889267,2809.7000000000025,10697.402500000077,8706.125352499996,0.2626525457932412,False,0.3937116249534674,True,0.2542148627967396,0.37668434352421876,1
11170660,0.890030679607352,1,21,0,0.7920211496635345,12.6,용산구,이태원2동,8336.0,22.44481765834933,3.814779270633397,9365.969276112512,1.1235567749655129,23.59469227427577,1788.4674999999995,6430.68750000002,5508.279550000003,0.2781145095295012,False,0.5879952010660837,True,0.19339741985806294,0.37011994906253537,1
11200720,0.586626017528318,6,13,0,0.8343082048415821,2.0,성동구,송정동,9005.0,22.820655191560245,7.917823431426985,15350.495427975637,10.22798140675778,22.160626381308525,1093.1400000000006,4024.382500000044,2945.3915199999983,0.2716292499532508,False,0.7553144148072192,True,0.26653951003531073,0.3501770130083972,1
11260575,1.3991333769392962,5,29,1,1.262516729145771,11.1,중랑구,면목3·8동,23424.0,26.767418032786885,8.802937158469945,16741.792016456406,3.573640713895237,20.727116140592376,2871.247499999996,11768.362500000052,7024.138247499998,0.2439802054024069,False,0.9007879905037582,True,0.20736805169181705,0.3061691825591489,2
11290780,0.6823088759501285,8,31,0,0.920795365281024,0.9,성북구,장위3동,18710.0,16.825227151256012,3.5061464457509355,27421.598427758923,11.724895105401998,45.43396853343274,1309.7074999999995,4990.255000000007,3765.4899799999966,0.2624530209378073,False,0.4553963520590751,True,0.243546746124612,0.3671239570667497,1
11320521,8.508544375255994,11,36,0,1.7230646388191435,14.0,도봉구,도봉1동,19352.0,35.54671351798264,10.27800744109136,2274.419588887408,1.2928180796693614,4.231040988008819,2667.679999999996,8982.830000000033,7494.652332499999,0.2969754520568669,False,0.9700472713296048,True,0.23108562496251414,0.3811158009956217,2
11380690,12.903842208283614,34,71,1,1.8774651628654264,13.8,은평구,진관동,53565.0,19.63408942406422,3.459348455147951,4151.089197728564,2.6348741290538813,5.502237151847811,6808.767500000009,22520.31499999988,15962.936602499984,0.3023389104459704,False,0.5787217525703295,True,0.2219403144548552,0.4582518054846188,0
11440740,8.591550978886138,36,99,2,1.815789756354884,4.8,마포구,상암동,29110.0,17.24493301271041,5.41051185159739,3388.212450992638,4.190163113560116,11.52294856229032,6319.274999999994,20162.957500000208,19711.599257499995,0.3134101234900648,False,0.6025659031516096,True,0.22873510014993864,0.2946053938149561,0
11470540,0.5605794701606477,4,13,0,0.8095974692814194,1.6,양천구,목4동,23485.0,17.130083031722375,4.858420268256334,41894.14926891597,7.135473582101932,23.19028914183128,2399.120000000003,9448.192500000036,6268.680757499995,0.2539237002209675,False,0.50061278039128,True,0.2318297959251721,0.3281578245356627,1
11470560,0.627270874207287,7,9,0,1.1449438434884955,1.3,양천구,신월1동,18426.0,29.15445566047976,10.90307174644524,29374.86938682725,11.159453256691128,14.347868472888594,1589.490000000003,6402.5275000000165,4257.0023925000005,0.2482597692864261,False,0.9331897892833944,True,0.2151381889788545,0.3288366079685931,2
11470590,0.4537336107022681,3,8,0,1.1237908423615763,0.9,양천구,신월4동,16571.0,25.09202824210971,3.18628930058536,36521.42933460928,6.611809064258513,17.631490838022703,774.2274999999995,3058.4675000000016,2097.0671925000006,0.2531423008418429,False,0.6703133135962238,True,0.24678469829604388,0.3423347788602194,1
11470610,0.4724261920910125,2,14,0,0.9568801120399716,2.7,양천구,신월6동,13574.0,18.005009577132753,2.9099749521143363,28732.530556614394,4.23346553066368,29.63425871464576,1701.505000000002,5162.945000000013,4742.831335000001,0.3295609385728489,False,0.4623806651019844,True,0.2288767884901898,0.31259238145053947,1
11470611,1.2234720179531573,3,19,0,1.6161957811151504,6.4,양천구,신월7동,17819.0,29.378753016443124,6.885908300129076,14564.288956776312,2.4520380981159966,15.529574621401313,1676.4850000000013,5939.947500000019,4494.3500025,0.2822390265233818,False,0.9037617599050732,True,0.2294175014986714,0.3380510413156095,2
11470640,2.8287464123439627,15,56,1,1.3783104202818464,5.5,양천구,신정3동,45089.0,20.679101332919338,6.138969593470692,15939.569486767194,5.302702262225996,19.796755112310382,4131.249999999996,16510.972500000065,10996.943335000004,0.2502123966350243,False,0.7020312148474487,True,0.23930953101361607,0.34749470499243595,1
11470550,1.8015465566031152,14,28,0,0.834729027749659,2.0,양천구,목5동,40354.0,14.957625018585516,0.1511622144025375,22399.64315775941,7.771100862581944,15.542201725163888,6178.189999999991,22455.269999999862,17743.882117500023,0.2751331869979754,False,0.2968051362563844,True,0.22877736035958754,0.31865157918419473,1
11500510,1.676114040526252,13,37,1,0.8122493722965672,2.2,강서구,염창동,40993.0,14.156075427512016,0.6537701558802722,24457.16640326536,7.756035499779222,22.0748702686024,4773.529999999986,15726.467500000026,14829.3637825,0.3035347893606735,False,0.2945283095388122,True,0.2538593032828957,0.3547133882053751,1
11500530,0.8937210591900941,5,7,0,0.9003848826211588,5.8,강서구,등촌2동,18886.0,21.52388012284232,3.055173144127925,21131.87308925542,5.594586754541835,7.832421456358569,2599.577499999996,8159.137500000012,7309.967075000003,0.3186093505594178,False,0.5554488009477095,True,0.21413287351502328,0.32475854249392494,1
11500591,1.0610225646829157,4,28,0,1.123295192136543,6.3,강서구,화곡6동,25262.0,20.11321352228644,4.627503760589027,23809.107214934204,3.769948098319088,26.38963668823362,4292.4450000000015,15279.172500000084,11306.459769999992,0.2809343896078127,True,0.6161040654121961,True,0.19933977022419697,0.2881318223064019,1
11500620,10.916187480952376,20,59,3,1.0579911096973176,1.4,강서구,공항동,28549.0,17.604819783530072,6.851378331990612,2615.290370361912,1.8321414903232416,5.404817396453563,7506.694999999981,23034.399999999845,20291.24455500004,0.3258906244573347,False,0.6289455216954872,True,0.23064777508610676,0.3669933972274089,0
11500641,2.551153023675798,6,17,1,1.0092391907832032,3.6,강서구,방화3동,21229.0,30.175703047717743,10.98497338546328,8321.335413040983,2.3518777369751707,6.6636535880963175,2292.5049999999974,6995.565,6427.2945525,0.3277083409274301,False,0.9332767657525116,True,0.25034187493593246,0.37001227914442925,2
11530730,0.9947665189830278,3,34,0,1.2631656743492323,4.7,구로구,고척2동,24759.0,26.2450018175209,6.094753422997698,24889.257456424733,3.0157830433084616,34.17887449082923,1439.6874999999975,5876.177499999992,3860.8755875000056,0.2450040864150205,False,0.8281312883369104,True,0.24264119817668803,0.3451356631213376,1
11530800,1.4304003800448102,18,31,0,1.2504186982164935,5.9,구로구,항동,15946.0,14.825034491408504,5.161168945190016,11147.927686862373,12.583889274019986,21.67225374970109,555.9549999999998,1985.7924999999937,1315.09283,0.2799663106794902,False,0.5349252999162742,True,0.21316923132267893,0.24980888740995216,1
11650651,5.722666666523834,19,74,1,1.6357641234372589,8.5,서초구,양재1동,40218.0,21.612213436769604,6.2882291511263615,7027.842497845493,3.320130475385757,12.931034483081367,9207.467499999984,28941.20500000019,27312.9658425,0.3181438886183185,False,0.7492516525660635,True,0.23178523301874243,0.3681351576858673,0
11650652,7.410845525209421,17,53,2,1.3591904393501073,10.4,서초구,양재2동,20774.0,17.777028978530854,4.168672378935208,2803.1889113506995,2.293935279337725,7.151680576758789,7452.29750000001,21711.844999999947,22242.94617749999,0.3432364914174741,False,0.5466078151316333,True,0.18386041351677082,0.3860078049755795,0
11650660,13.09882193860282,24,58,0,1.436051625812408,10.5,서초구,내곡동,16563.0,23.745698243071907,5.101732777878404,1264.4648562775014,1.8322258377504097,4.427879107896824,4658.947500000009,9492.374999999967,13523.681322499968,0.4908094654920422,False,0.733432744781162,True,0.2318286479939934,0.44289455933984934,0
11680690,1.5792471062934348,9,28,0,1.1926214202136476,9.7,강남구,개포4동,22999.0,18.46602026175051,3.3436236358102525,14563.268729983432,5.698918151652284,17.729967582918217,2625.7774999999974,10052.392500000102,7271.607967499996,0.261209209648347,False,0.5205744981205246,True,0.23169518361704328,0.3569190458826012,1
11680730,0.943822366030282,6,15,0,0.913073260547226,2.5,강남구,일원1동,14039.0,27.715649262768004,12.607735593703255,14874.621014808168,6.357128434279437,15.892821085698593,1926.302500000002,5932.860000000024,5470.279709999997,0.3246836264466032,False,0.8971629101616448,True,0.20363104964043807,0.35694030402805377,2
11680700,5.896083749983082,22,66,0,1.6074689033065044,5.7,강남구,세곡동,45640.0,18.34355828220859,6.314636283961438,7740.731294756619,3.731290282310377,11.193870846931132,5803.074999999986,13921.297500000048,17822.47362500002,0.4168487168670856,False,0.6633832326305203,True,0.2720247455013077,0.35715935086139733,0
11710647,2.6010230890321826,25,57,0,1.4399971105133142,2.4,송파구,위례동,44859.0,10.483960855123833,2.877906328718874,17246.675044584717,9.611602490350164,21.91445367799837,3494.972500000002,10385.737499999985,9491.592369999997,0.3365165449251925,False,0.4203509367710263,True,0.27804510622043543,0.3593461751129662,1
11740550,1.523421795058583,9,33,0,0.821463730312841,3.5,강동구,고덕1동,23603.0,15.133669448798882,1.8175655636995296,15493.411001837709,5.907753210038528,21.66176177014127,1620.954999999998,6519.797500000047,3894.4102125,0.248620451785502,False,0.3434326769253137,True,0.24030124216896845,0.38236255787483353,1
11740560,2.5047168961347426,14,39,0,0.9983174537770896,2.8,강동구,고덕2동,26176.0,15.628820293398531,2.3112775061124693,10450.682087222942,5.589454050317894,15.570621997314133,1909.537499999999,7685.760000000007,4972.69475,0.2484513567949034,False,0.3992235975918853,True,0.2317524531463771,0.33477870950426486,1
11740515,2.1844259207932084,13,45,0,1.2863814949816574,1.6,강동구,강일동,34223.0,21.146597317593432,7.459895391987844,15666.816473031482,5.95122035325393,20.60037814587899,2271.8574999999964,8862.57250000004,6801.405635,0.2563428959255324,False,0.7486382146568737,True,0.2447105507277636,0.3201565239016974,1
