단위,모형,변수,계수,SE,p
동 단위,구 통제 없음,sub_dist_km,3.0013,0.8727,0.0006
동 단위,구 통제 없음,l_rsd,-3.7435,0.6562,0.0
동 단위,구 통제 없음,slope_pct,-0.5618,0.1065,0.0
동 단위,구 통제 없음,recip_pct,0.0022,0.1369,0.987
동 단위,구 고정효과,sub_dist_km,2.3838,0.8639,0.0058
동 단위,구 고정효과,l_rsd,-1.7727,0.7001,0.0113
동 단위,구 고정효과,slope_pct,-0.2087,0.093,0.0248
동 단위,구 고정효과,recip_pct,-0.0369,0.1594,0.8169
OD 단위,구 통제 없음,o_sub_dist_km,2.4798,0.7183,0.0006
OD 단위,구 통제 없음,d_sub_dist_km,3.1122,0.4685,0.0
OD 단위,구 통제 없음,o_l_rsd,-2.9845,0.5226,0.0
OD 단위,구 통제 없음,d_l_rsd,-3.0267,0.4209,0.0
OD 단위,출발·도착 구 고정효과,o_sub_dist_km,2.276,0.8226,0.0057
OD 단위,출발·도착 구 고정효과,d_sub_dist_km,2.8853,0.5443,0.0
OD 단위,출발·도착 구 고정효과,o_l_rsd,-2.3368,0.5342,0.0
OD 단위,출발·도착 구 고정효과,d_l_rsd,-2.4262,0.3839,0.0
