code,area_km2,bike_st,bus_st,sub_st,sub_dist_km,slope_pct,gu,nm,pop,elder_pct,recip_pct,pop_density,bike_density,bus_density,car15,all15,car15_pkm,car_share15,gap,vuln,forced,bus_routes,route_stop_pairs,route_stop_density,access_gap,gap_supply,priority,midday_share,cluster
11110550,2.199516414237728,5,33,0,1.980654356461076,10.5,종로구,부암동,8868.0,23.17320703653586,1.6576454668470906,4031.795326734729,2.273226954631669,15.003297900569017,1639.4824999999992,6179.612499999972,5048.338252500007,0.265305065649344,False,0.586404086626354,True,15,104,47.28312065633872,0.8806146572104019,True,True,0.42652330842201785,2
11110560,9.008912053632937,7,55,0,3.1935052741565886,16.4,종로구,평창동,16938.0,24.436179005785807,0.991852639036486,1880.138234135561,0.7770083622003147,6.105065703002472,2645.7100000000028,7821.300000000016,8676.857849999999,0.3382698528377632,False,0.6005419052207396,True,12,131,14.541156492605888,0.9881796690307328,True,True,0.41667737582728337,2
11170630,2.886763898586512,9,24,1,0.8662641086767316,1.2,용산구,이촌1동,24926.0,19.345261975447325,0.3289737623365161,8634.582139607912,3.117677896833475,8.313807724889267,2809.7000000000016,10697.402500000053,8706.125352500003,0.2626525457932417,False,0.3937116249534674,True,22,73,25.28783182987152,0.8676122931442081,True,True,0.3766843435242189,1
11170660,0.890030679607352,1,21,0,0.7920211496635345,12.6,용산구,이태원2동,8336.0,22.44481765834933,3.814779270633397,9365.969276112512,1.1235567749655129,23.59469227427577,1788.4674999999995,6430.687500000022,5508.279550000001,0.278114509529501,False,0.5879952010660837,True,9,37,41.57160067372397,0.7907801418439716,True,True,0.37011994906253526,1
11170700,0.8710858233854641,1,9,0,0.7871981467702994,7.1,용산구,보광동,5043.0,25.12393416617093,14.19789807654174,5789.32622321925,1.1479925090658831,10.331932581592952,922.3874999999998,2874.8375,2815.22152,0.3208485697017657,False,0.8311633401257564,False,6,25,28.699812726647085,0.8286052009456264,True,True,0.3515767505522353,0
11200720,0.586626017528318,6,13,0,0.8343082048415821,2.0,성동구,송정동,9005.0,22.820655191560245,7.917823431426985,15350.495427975637,10.22798140675778,22.160626381308525,1093.1400000000008,4024.382500000015,2945.391519999997,0.2716292499532529,False,0.7553144148072192,True,8,28,47.730579898202976,0.7718676122931443,True,True,0.350177013008398,0
11200790,2.368770274035177,14,10,3,0.6063711419800143,1.1,성동구,용답동,13161.0,19.10189195349897,7.6361978573056755,5556.047432822756,5.910239651965548,4.221599751403963,2503.7200000000007,9592.697500000031,6805.565872500003,0.2610027054433846,False,0.5840008849665053,False,15,37,15.619919080194665,0.7777777777777777,True,True,0.3091689565925901,0
11260575,1.3991333769392962,5,29,1,1.262516729145771,11.1,중랑구,면목3·8동,23424.0,26.767418032786885,8.802937158469945,16741.792016456406,3.573640713895237,20.727116140592376,2871.247500000004,11768.362499999985,7024.138247500009,0.243980205402409,False,0.9007879905037582,True,21,92,65.75498913567236,0.7683215130023641,True,True,0.306169182559149,0
11290640,3.354738066416933,3,33,0,0.6731426202712765,11.6,성북구,정릉3동,13856.0,24.55975750577367,5.1890877598152425,4130.277752146253,0.894257596451989,9.83683356097188,1836.8975000000016,6944.79249999999,5252.415695000005,0.2644999832608396,False,0.6616748169956702,False,17,94,28.020071355495656,0.7860520094562649,True,True,0.34506144191496774,0
11320521,8.508544375255994,11,36,0,1.7230646388191435,14.0,도봉구,도봉1동,19352.0,35.54671351798264,10.27800744109136,2274.419588887408,1.2928180796693614,4.231040988008819,2667.6800000000007,8982.830000000029,7494.652332499998,0.2969754520568676,False,0.9700472713296048,True,16,93,10.930189219022784,0.9846335697399526,True,True,0.3811158009956216,0
11380690,12.903842208283614,34,71,1,1.8774651628654264,13.8,은평구,진관동,53565.0,19.63408942406422,3.459348455147951,4151.089197728564,2.6348741290538813,5.502237151847811,6808.767500000005,22520.31500000011,15962.9366025,0.3023389104459671,False,0.5787217525703295,True,22,350,27.12370426967231,0.9598108747044918,True,True,0.4582518054846188,2
11440740,8.591550978886138,36,99,2,1.815789756354884,4.8,마포구,상암동,29110.0,17.24493301271041,5.41051185159739,3388.212450992638,4.190163113560116,11.52294856229032,6319.274999999983,20162.95750000033,19711.59925749997,0.3134101234900623,False,0.6025659031516096,True,47,478,55.63605467449265,0.842789598108747,True,True,0.29460539381495654,1
11470560,0.627270874207287,7,9,0,1.1449438434884955,1.3,양천구,신월1동,18426.0,29.15445566047976,10.90307174644524,29374.86938682725,11.159453256691128,14.347868472888594,1589.490000000003,6402.527499999963,4257.002392499998,0.2482597692864282,False,0.9331897892833944,True,11,31,49.42043585106071,0.8286052009456264,True,True,0.328836607968593,0
11470611,1.2234720179531573,3,19,0,1.6161957811151504,6.4,양천구,신월7동,17819.0,29.378753016443124,6.885908300129076,14564.288956776312,2.4520380981159966,15.529574621401313,1676.4850000000015,5939.947500000015,4494.350002500001,0.2822390265233821,False,0.9037617599050732,True,19,70,57.21422228937325,0.8262411347517731,True,True,0.33805104131560926,0
11470550,1.8015465566031152,14,28,0,0.834729027749659,2.0,양천구,목5동,40354.0,14.957625018585516,0.1511622144025375,22399.64315775941,7.771100862581944,15.542201725163888,6178.190000000002,22455.26999999988,17743.88211750001,0.2751331869979758,False,0.2968051362563844,True,10,119,66.05435733194652,0.6962174940898345,True,True,0.3186515791841947,1
11500530,0.8937210591900941,5,7,0,0.9003848826211588,5.8,강서구,등촌2동,18886.0,21.52388012284232,3.055173144127925,21131.87308925542,5.594586754541835,7.832421456358569,2599.577499999996,8159.137500000012,7309.967075000003,0.3186093505594178,False,0.5554488009477095,True,12,49,54.82695019450998,0.7612293144208038,True,True,0.324758542493925,1
11500591,1.0610225646829157,4,28,0,1.123295192136543,6.3,강서구,화곡6동,25262.0,20.11321352228644,4.627503760589027,23809.107214934204,3.769948098319088,26.38963668823362,4292.4450000000015,15279.172500000084,11306.459769999992,0.2809343896078127,True,0.6161040654121961,True,24,86,81.0538841138604,0.6725768321513002,True,True,0.28813182230640116,1
11500603,4.878202736816228,57,54,1,0.5781681773945603,1.8,강서구,가양1동,33337.0,12.796592374838768,1.1548729639739628,6833.869315927096,11.684631220801046,11.06965063023257,8954.537499999973,29831.315000000017,21980.323530000005,0.3001724027251218,False,0.2225799382659064,False,43,215,44.07360899074079,0.6784869976359338,True,True,0.3059253479032287,1
11500620,10.916187480952376,20,59,3,1.0579911096973176,1.4,강서구,공항동,28549.0,17.604819783530072,6.851378331990612,2615.290370361912,1.8321414903232416,5.404817396453563,7506.69499999998,23034.39999999972,20291.244555000063,0.3258906244573365,False,0.6289455216954872,True,20,143,13.09981165581118,0.9326241134751772,True,True,0.3669933972274083,2
11500640,6.178034279005645,12,33,3,0.620348249556018,3.1,강서구,방화2동,22537.0,26.63619825176377,8.705683986333584,3647.924077822912,1.942365396187378,5.341504839515289,4289.270000000002,12776.914999999946,11567.628652499996,0.3357046673629761,False,0.7810270997847603,False,21,148,23.955839886311,0.7647754137115839,True,True,0.3509076136498747,0
11500641,2.551153023675798,6,17,1,1.0092391907832032,3.6,강서구,방화3동,21229.0,30.175703047717743,10.98497338546328,8321.335413040983,2.3518777369751707,6.6636535880963175,2292.505000000001,6995.565000000038,6427.294552500002,0.3277083409274288,False,0.9332767657525116,True,27,81,31.750349449164805,0.8888888888888888,True,True,0.3700122791444303,0
11530520,1.0805415511986394,9,24,1,0.5501619208931812,1.3,구로구,구로1동,20001.0,17.874106294685266,0.6799660016999151,18510.162777001024,8.32915679181087,22.21108477816232,1736.6325000000006,5902.970000000001,4926.938602500003,0.2941963960514792,False,0.268338634768737,False,11,48,44.42216955632464,0.6583924349881796,True,True,0.3494564912265544,1
11530730,0.9947665189830278,3,34,0,1.2631656743492323,4.7,구로구,고척2동,24759.0,26.2450018175209,6.094753422997698,24889.257456424733,3.0157830433084616,34.17887449082923,1439.6874999999975,5876.177499999992,3860.8755875000056,0.2450040864150205,False,0.8281312883369104,True,10,55,55.28935579398846,0.8167848699763594,True,True,0.34513566312133753,0
11530800,1.4304003800448102,18,31,0,1.2504186982164935,5.9,구로구,항동,15946.0,14.825034491408504,5.161168945190016,11147.927686862373,12.583889274019986,21.67225374970109,555.9550000000002,1985.7925000000027,1315.09283,0.2799663106794891,False,0.5349252999162742,True,5,64,44.74271741873773,0.8617021276595744,True,True,0.24980888740995233,1
11545690,1.3315754723340534,4,14,0,0.7365238547234649,10.5,금천구,시흥3동,9904.0,29.109450726979,4.563812600969305,7437.805971778501,3.0039604086342893,10.513861430220013,1049.2099999999982,3023.8574999999955,3241.7314825,0.3469773294541822,False,0.7260885853365405,False,13,45,33.79455459713576,0.7943262411347518,True,True,0.3859856463434399,0
11650550,1.0440086388897414,2,4,1,0.530040564556217,1.3,서초구,반포본동,204.0,19.607843137254903,4.366316180033982,195.40068194928472,1.915692960287105,3.83138592057421,870.1375000000019,3566.2699999999936,2299.08294,0.2439909204855503,False,,False,19,37,35.44031976531144,0.6808510638297872,True,True,0.36529284164859005,1
11650651,5.722666666523834,19,74,1,1.6357641234372589,8.5,서초구,양재1동,40218.0,21.612213436769604,6.2882291511263615,7027.842497845493,3.320130475385757,12.931034483081367,9207.46749999998,28941.205000000315,27312.965842499976,0.318143888618317,False,0.7492516525660635,True,47,273,47.7050326200164,0.8687943262411347,True,True,0.3681351576858673,2
11650652,7.410845525209421,17,53,2,1.3591904393501073,10.4,서초구,양재2동,20774.0,17.777028978530854,4.168672378935208,2803.1889113506995,2.293935279337725,7.151680576758789,7452.297500000006,21711.84499999995,22242.946177500016,0.3432364914174738,False,0.5466078151316333,True,34,157,21.18516699153075,0.9491725768321512,True,True,0.3860078049755796,2
11650660,13.09882193860282,24,58,0,1.436051625812408,10.5,서초구,내곡동,16563.0,23.745698243071907,5.101732777878404,1264.4648562775014,1.8322258377504097,4.427879107896824,4658.947500000006,9492.375000000007,13523.68132249999,0.4908094654920399,False,0.733432744781162,True,20,155,11.833125202138064,0.9680851063829788,True,True,0.44289455933985056,2
11680690,1.5792471062934348,9,28,0,1.1926214202136476,9.7,강남구,개포4동,22999.0,18.46602026175051,3.3436236358102525,14563.268729983432,5.698918151652284,17.729967582918217,2625.7774999999983,10052.392500000076,7271.607967499997,0.2612092096483477,False,0.5205744981205246,True,21,95,60.15524715632967,0.7801418439716312,True,True,0.3569190458826003,1
11680730,0.943822366030282,6,15,0,0.913073260547226,2.5,강남구,일원1동,14039.0,27.715649262768004,12.607735593703255,14874.621014808168,6.357128434279437,15.892821085698593,1926.302500000002,5932.860000000024,5470.279709999997,0.3246836264466032,False,0.8971629101616448,True,6,23,24.368992331404502,0.8782505910165485,True,True,0.3569403040280537,0
11680700,5.896083749983082,22,66,0,1.6074689033065044,5.7,강남구,세곡동,45640.0,18.34355828220859,6.314636283961438,7740.731294756619,3.731290282310377,11.193870846931132,5803.074999999989,13921.297500000064,17822.473625,0.4168487168670853,False,0.6633832326305203,True,16,237,40.19617258670724,0.9089834515366432,True,True,0.357159350861396,2
11680565,2.3706863708750627,10,25,0,0.7458687084841122,3.5,강남구,청담동,26344.0,18.721530519283327,0.9148193136957182,11112.393576665292,4.218187661959191,10.545469154897978,7432.00250000001,30425.55000000031,22006.64799500004,0.2442684684418173,True,0.3679569903332769,False,30,122,51.461889475902126,0.7198581560283688,True,True,0.3303985029606748,1
11710631,1.3645905135814882,8,13,1,0.6622224841181825,1.2,송파구,가락1동,27053.0,16.992570140095367,0.6173067681957639,19824.994920268804,5.862564571846022,9.526667429249786,4503.862499999992,15757.717499999872,11552.657422500004,0.2858194722681142,True,0.2853679804242716,False,29,64,46.900516574768176,0.710401891252955,True,True,0.3509471037359601,1
11710642,2.350891584163082,25,33,2,0.5373485940298172,1.4,송파구,문정2동,28548.0,16.698192517864648,0.3572929802437999,12143.477901029231,10.634263259273183,14.037227502240604,8840.790000000019,27625.45500000045,24079.26124000005,0.32002332631263,False,0.2273797927072216,False,27,97,41.26094144597995,0.6690307328605201,True,True,0.36701047078371973,1
11710647,2.6010230890321826,25,57,0,1.4399971105133142,2.4,송파구,위례동,44859.0,10.483960855123833,2.877906328718874,17246.675044584717,9.611602490350164,21.91445367799837,3494.972500000004,10385.737499999976,9491.592369999997,0.336516544925193,False,0.4203509367710263,True,25,189,72.66371482704723,0.7505910165484634,True,True,0.3593461751129648,1
11740550,1.523421795058583,9,33,0,0.821463730312841,3.5,강동구,고덕1동,23603.0,15.133669448798882,1.8175655636995296,15493.411001837709,5.907753210038528,21.66176177014127,1620.9549999999967,6519.797500000041,3894.4102125,0.248620451785502,False,0.3434326769253137,True,11,61,40.041438423594464,0.8144208037825059,True,True,0.38236255787483264,1
11740560,2.5047168961347426,14,39,0,0.9983174537770896,2.8,강동구,고덕2동,26176.0,15.628820293398531,2.3112775061124693,10450.682087222942,5.589454050317894,15.570621997314133,1909.5375,7685.760000000006,4972.69475,0.2484513567949035,False,0.3992235975918853,True,19,144,57.491527374698336,0.7695035460992908,True,True,0.3347787095042649,1
11740570,0.728933461397366,4,13,0,0.5989032525076865,1.9,강동구,암사1동,32502.0,23.792382007261093,7.030336594671097,44588.43189568173,5.487469312126236,17.834275264410266,5797.402500000014,16625.71250000014,15652.162074999998,0.3487009955212424,True,0.6817190400722449,False,7,26,35.66855052882053,0.7174940898345155,True,True,0.3012331815843381,0
11740685,1.5980587915013933,12,34,1,0.607312938752366,1.8,강동구,길동,47898.0,22.391331579606664,4.006430331120297,29972.614433665058,7.509110468161107,21.275812993123136,7352.505000000005,29873.964999999727,17403.807850000016,0.2461174805553957,True,0.5371845840560113,False,16,73,45.68042201464673,0.6855791962174941,True,True,0.35474644355903184,1
