code,gu,nm,type,car15,all15,car_share15,sub_dist_km,stop_wdist,cov500,sub_access_gap,route_stop_density,bus_density,access_gap,gap_supply,priority,elder_pct,recip_pct
11680700,강남구,세곡동,A 외곽 저밀형,5803.074999999988,13921.297500000066,0.4168487168670851,1.6074689033065044,1.6705193677969763,0.0219224389723326,0.9582348305752562,40.19617258670724,11.193870846931132,0.9095744680851064,True,True,18.34355828220859,6.314636283961438
11500620,강서구,공항동,A 외곽 저밀형,7506.694999999981,23034.399999999845,0.3258906244573347,1.0579911096973176,0.4833975336227383,0.1297980612044978,0.7651694247438928,13.09981165581118,5.404817396453563,0.8865248226950355,True,True,17.604819783530072,6.851378331990612
11650651,서초구,양재1동,A 외곽 저밀형,9207.46749999998,28941.205000000315,0.318143888618317,1.6357641234372589,0.8937996480601351,0.063643546912359,0.9164696611505124,47.7050326200164,12.931034483081367,0.8392434988179669,True,True,21.612213436769604,6.2882291511263615
11650652,서초구,양재2동,A 외곽 저밀형,7452.297500000006,21711.84499999995,0.3432364914174738,1.3591904393501073,0.6763176914322413,0.1551594350288945,0.8447596532702916,21.18516699153075,7.151680576758789,0.9089834515366432,True,True,17.777028978530854,4.168672378935208
11650660,서초구,내곡동,A 외곽 저밀형,4658.947500000006,9492.375000000007,0.4908094654920399,1.436051625812408,1.2478057791662491,0.030361744276075,0.9408983451536642,11.833125202138064,4.427879107896824,0.9710401891252955,True,True,23.745698243071907,5.101732777878404
11170690,용산구,서빙고동,A 외곽 저밀형,2865.804999999999,9683.072500000111,0.295960295660284,0.3149005758524023,0.4620356621423849,0.3167673254939621,0.4602048857368006,23.615860104553736,7.401986002919828,0.7174940898345153,True,True,20.21040519437824,3.509492890605737
11380690,은평구,진관동,A 외곽 저밀형,6808.767500000009,22520.314999999897,0.3023389104459702,1.8774651628654264,1.0679933704865816,0.0684638656787127,0.933806146572104,27.12370426967231,5.502237151847811,0.9385342789598108,True,True,19.63408942406422,3.459348455147951
11110550,종로구,부암동,A 외곽 저밀형,1639.4824999999994,6179.612499999969,0.2653050656493441,1.980654356461076,1.8887332241565908,0.0,0.9850275807722616,47.28312065633872,15.003297900569017,0.8806146572104019,True,True,23.17320703653586,1.6576454668470906
11110560,종로구,평창동,A 외곽 저밀형,2645.710000000002,7821.300000000012,0.3382698528377633,3.1935052741565886,2.5460458116829905,0.0,0.9881796690307328,14.541156492605888,6.105065703002472,0.9881796690307328,True,True,24.436179005785807,0.991852639036486
11680690,강남구,개포4동,B 버스 연계 부족형,2625.7774999999983,10052.392500000076,0.2612092096483477,1.1926214202136476,1.062661008612425,0.008581637855837,0.925925925925926,60.15524715632967,17.729967582918217,0.7884160756501182,True,True,18.46602026175051,3.3436236358102525
11740550,강동구,고덕1동,B 버스 연계 부족형,1620.954999999999,6519.797500000044,0.2486204517855022,0.821463730312841,0.5580920965180697,0.2154324006668384,0.7478329393223011,40.041438423594464,21.66176177014127,0.8120567375886525,True,True,15.133669448798882,1.8175655636995296
11740560,강동구,고덕2동,B 버스 연계 부족형,1909.5374999999992,7685.759999999992,0.248451356794904,0.9983174537770896,0.7311771370244967,0.1814670890070349,0.8250591016548463,57.491527374698336,15.570621997314133,0.7582742316784871,True,True,15.628820293398531,2.3112775061124693
11500530,강서구,등촌2동,B 버스 연계 부족형,2599.577499999996,8159.137500000017,0.3186093505594176,0.9003848826211588,0.8106840700208322,0.1786214951321816,0.8203309692671396,54.82695019450998,7.832421456358569,0.7706855791962175,True,True,21.52388012284232,3.055173144127925
11500591,강서구,화곡6동,B 버스 연계 부족형,4292.44499999999,15279.17249999991,0.2809343896078151,1.123295192136543,1.0139655067280997,0.0,0.9282899921197793,81.0538841138604,26.38963668823362,0.6914893617021276,True,True,20.11321352228644,4.627503760589027
11500603,강서구,가양1동,B 버스 연계 부족형,8954.537499999968,29831.31499999998,0.300172402725122,0.5781681773945603,0.434153878975986,0.3326709022328578,0.5571315996847912,44.07360899074079,11.06965063023257,0.6944444444444444,True,True,12.796592374838768,1.1548729639739628
11215810,광진구,광장동,B 버스 연계 부족형,4094.664999999998,14892.610000000055,0.2749460974268434,0.2296396683339975,0.4901181757267486,0.2847567251366775,0.4594168636721829,17.812465394527155,13.813748673306774,0.7275413711583925,True,True,14.24046777926666,0.8649043732488731
11530520,구로구,구로1동,B 버스 연계 부족형,1736.632499999998,5902.970000000037,0.2941963960514769,0.5501619208931812,0.58902914030525,0.3259893615582163,0.6312056737588653,44.42216955632464,22.21108477816232,0.7281323877068557,True,True,17.874106294685266,0.6799660016999151
11530800,구로구,항동,B 버스 연계 부족형,555.9550000000002,1985.7924999999968,0.2799663106794899,1.2504186982164935,1.0454019292460817,0.014846227144445,0.9251379038613082,44.74271741873773,21.67225374970109,0.864066193853428,True,True,14.825034491408504,5.161168945190016
11440740,마포구,상암동,B 버스 연계 부족형,6319.274999999981,20162.95750000029,0.3134101234900629,1.815789756354884,0.8958103304989552,0.0746014427139516,0.9164696611505122,55.63605467449265,11.52294856229032,0.8061465721040189,True,True,17.24493301271041,5.41051185159739
11710647,송파구,위례동,B 버스 연계 부족형,3494.9725000000044,10385.737499999952,0.3365165449251938,1.4399971105133142,0.9377710581437404,0.1808619648167194,0.8778565799842396,72.66371482704723,21.91445367799837,0.7151300236406619,True,True,10.483960855123833,2.877906328718874
11470630,양천구,신정2동,B 버스 연계 부족형,2783.1275,10457.16750000008,0.2661454452173572,0.623020125689358,0.5740850438356837,0.3519468901466254,0.6446020488573679,54.072686513193766,21.629074605277506,0.6879432624113475,True,True,17.940038684719536,4.115624328390286
11470550,양천구,목5동,B 버스 연계 부족형,6178.189999999991,22455.269999999862,0.2751331869979754,0.834729027749659,0.7328276751551018,0.1275366446052867,0.8211189913317574,66.05435733194652,15.542201725163888,0.7216312056737588,True,True,14.957625018585516,0.1511622144025375
11170630,용산구,이촌1동,B 버스 연계 부족형,2809.7000000000025,10697.402500000066,0.2626525457932414,0.8662641086767316,0.4702822225636301,0.2020763242446107,0.7084318360914107,25.28783182987152,8.313807724889267,0.8238770685579196,True,True,19.345261975447325,0.3289737623365161
11170660,용산구,이태원2동,B 버스 연계 부족형,1788.4674999999995,6430.68750000002,0.2781145095295012,0.7920211496635345,0.5957386075559882,0.2401042656002908,0.7375886524822693,41.57160067372397,23.59469227427577,0.7943262411347518,True,True,22.44481765834933,3.814779270633397
11680730,강남구,일원1동,C 취약 고령형,1926.302500000002,5932.860000000024,0.3246836264466032,0.913073260547226,0.4899122257822991,0.2171905629886798,0.7241922773837667,24.368992331404502,15.892821085698593,0.8368794326241135,True,True,27.715649262768004,12.607735593703255
11500640,강서구,방화2동,C 취약 고령형,4289.269999999999,12776.91499999997,0.3357046673629752,0.620348249556018,0.3328341828667181,0.3188091735428375,0.4940898345153664,23.955839886311,5.341504839515289,0.7322695035460993,True,True,26.63619825176377,8.705683986333584
11500641,강서구,방화3동,C 취약 고령형,2292.5049999999974,6995.565,0.3277083409274301,1.0092391907832032,0.3905253333810138,0.282547323958924,0.6524822695035462,31.750349449164805,6.6636535880963175,0.7848699763593381,True,True,30.175703047717743,10.98497338546328
11530730,구로구,고척2동,C 취약 고령형,1439.6874999999982,5876.177499999988,0.2450040864150208,1.2631656743492323,1.077203334215951,0.0,0.9456264775413712,55.28935579398846,34.17887449082923,0.8321513002364066,True,True,26.2450018175209,6.094753422997698
11545690,금천구,시흥3동,C 취약 고령형,1049.2099999999964,3023.8575000000096,0.34697732945418,0.7365238547234649,0.7469648856044849,0.2276620898199476,0.764381402679275,33.79455459713576,10.513861430220013,0.8351063829787234,True,True,29.109450726979,4.563812600969305
11320521,도봉구,도봉1동,C 취약 고령형,2667.6800000000007,8982.830000000029,0.2969754520568676,1.7230646388191435,0.4044622993393154,0.0911733688619822,0.7557131599684791,10.930189219022784,4.231040988008819,0.884160756501182,True,True,35.54671351798264,10.27800744109136
11200720,성동구,송정동,C 취약 고령형,1093.1399999999994,4024.382499999999,0.2716292499532536,0.8343082048415821,0.6867626012328257,0.0,0.8494877856579984,47.730579898202976,22.160626381308525,0.8108747044917257,True,True,22.820655191560245,7.917823431426985
11290640,성북구,정릉3동,C 취약 고령형,1836.897499999999,6944.792500000015,0.2644999832608382,0.6731426202712765,0.573215881559445,0.1002279873618409,0.7399527186761229,28.020071355495656,9.83683356097188,0.842789598108747,True,True,24.55975750577367,5.1890877598152425
11470560,양천구,신월1동,C 취약 고령형,1589.490000000003,6402.5275000000165,0.2482597692864261,1.1449438434884955,1.0504833253860468,0.0,0.9345941686367216,49.42043585106071,14.347868472888594,0.8498817966903074,True,True,29.15445566047976,10.90307174644524
11470611,양천구,신월7동,C 취약 고령형,1676.4850000000022,5939.947500000007,0.2822390265233826,1.6161957811151504,1.5509896158494672,0.0,0.975571315996848,57.21422228937325,15.529574621401313,0.8333333333333333,True,True,29.378753016443124,6.885908300129076
11170700,용산구,보광동,C 취약 고령형,922.3874999999996,2874.8374999999883,0.3208485697017669,0.7871981467702994,0.7127836161199673,0.0399064408644088,0.817966903073286,28.699812726647085,10.331932581592952,0.874113475177305,True,True,25.12393416617093,14.19789807654174
11260575,중랑구,면목3·8동,C 취약 고령형,2871.2475000000004,11768.362500000048,0.2439802054024074,1.262516729145771,0.6751760516541222,0.2332982394125302,0.8140267927501968,65.75498913567236,20.727116140592376,0.7151300236406619,True,True,26.767418032786885,8.802937158469945
