항목,보고서(기존),수정 전 코드 재실행,수정 후 코드 재실행,변화
공간CV R² (버스 노선 포함),0.260,0.258,0.256,-0.002
공간CV R² (버스 노선 추가 전),0.235,0.237,0.234,-0.003
공간CV R² (거리만),0.032,0.031,0.022,-0.009
무작위CV R²,0.571,0.570,0.568,-0.002
SHAP 상위 5개 변수,"거리, 도착·출발 노선정류장밀도, 출발 경사, 도착 역거리",동일,동일(시드 3회),없음
동 단위 구FE 지하철역 거리 계수(%p/km),2.4 (p=0.006),2.38 (p=0.0058),2.38 (p=0.0058),없음(OD 거리 미사용)
동 단위 구FE 노선정류장밀도 2배(%p),-1.2 (p=0.011),-1.23 (p=0.0113),-1.23 (p=0.0113),없음
고소득 4개 구 제외 (역거리/밀도2배),2.2 / -1.0,2.17 / -1.03,2.17 / -1.03,없음
우선 대상 40곳 연간 배출 기본(t),"33,700","33,700","33,725 (평일5/7·토2/7 가중)",+0.07%
우선 대상 40곳 연간 배출 보수~높음(t),"15,652~42,066","15,652~42,066","15,671~42,098",+0.1% 이내
서울 전체 1~5km 차량 이동(건/일),"1,120,202","1,120,202","1,119,813 (요일 가중)",-0.03%
공백 동 107곳 / 우선 대상 40곳 / 3유형,동일,동일,동일,없음(동별 집계 경로)
