구분,조건,결과,비고
단거리 차량 이동 규모,기본: 1~5km,"1,120,202건/일 (40.2%)",
단거리 차량 이동 규모,"보수: 1~5km, 시속5km 미만 제외","872,021건/일 (31.3%)",
단거리 차량 이동 규모,1~3km,"664,458건/일 (23.8%)",
단거리 차량 이동 규모,"1~5km, 택시 9% 차감 가정","1,019,384건/일 (36.6%)",
날짜별 안정성,2026-08-26,40.3%,
날짜별 안정성,2026-08-27,40.1%,
날짜별 안정성,2026-08-28,40.2%,
날짜별 안정성,2026-08-29,40.1%,
공백 지역 기준,상위 30% 기준,"49곳, 기본(상위25%) 34곳과 겹침 34곳",
공백 지역 기준,상위 20% 기준,"22곳, 기본(상위25%) 34곳과 겹침 22곳",
모델 성능,공간 교차검증(출발 구 단위),R² 0.246,
모델 성능,무작위 교차검증,R² 0.560,공간 CV보다 높으면 공간 과적합 주의
SHAP 순위 안정성,시드 3회 상위 5개 변수,"dist,o_slope_pct,o_bus_density,d_sub_dist_km,d_bus_density / dist,o_bus_density,d_sub_dist_km,o_slope_pct,d_bus_density / dist,o_slope_pct,d_sub_dist_km,o_bus_density,d_bus_density",
탄소 (연간),"보수: 재차1.8, 우회1.2, 187g/km","111,613 tCO2, 10% 전환 시 11,161 t",
탄소 (연간),"기본: 재차1.3, 우회1.3, 220g/km","247,256 tCO2, 10% 전환 시 24,726 t",
탄소 (연간),"높음: 재차1.3, 우회1.4, 255g/km","308,638 tCO2, 10% 전환 시 30,864 t",
